abandoned,adjective,,,-1,
able,adjective,,,1,
about,adverb,preposition,,0,
abroad,adverb,,,0,
absent,adjective,,,-1,
absolutely,adverb,,,1,
abuse,noun,verb,,-1,
accent,noun,,,0,
acceptable,adjective,,,0,
access,noun,,,0,
by,accident,,,0,
accidentally,adverb,,,-1,
accompany,verb,,,1,
account,noun,verb,,0,
accurately,adverb,,,0,
achieve,verb,,,1,
acid,noun,,,0,
acquire,verb,,,0,
act,noun,verb,,0,
take,action,,,0,
actively,adverb,,,0,
actor,actress,noun,,0,
actually,adverb,,,0,
adapt,verb,,,0,
addition,noun,,,1,
additional,adjective,,,1,
adequate,adjective,,,0,
adjust,verb,,,0,
admire,verb,,,2,
adopt,verb,,,0,
advance,noun,verb,,0,
in,advance,,,0,
take,advantage,of,,0,
advertise,verb,,,0,
advertisement,(also,ad,advert),0,
advise,verb,,,0,
affect,verb,,,0,
afford,verb,,,1,
after,preposition,conj.,adverb,0,
afterwards,(especially,BrE;,NAmE,0,
against,preposition,,,-1,
aged,adjective,,,0,
agent,noun,,,0,
ago,adverb,,,0,
agreement,noun,,,1,
aid,noun,verb,,1,
air,noun,,,0,
airport,noun,,,0,
alarming,adjective,,,0,
alcohol,noun,,,0,
alive,adjective,,,0,
allow,verb,,,0,
ally,noun,verb,,1,
almost,adverb,,,0,
along,preposition,adverb,,0,
aloud,adverb,,,0,
alphabetical,adjective,,,0,
already,adverb,,,0,
alter,verb,,,0,
alternatively,adverb,,,0,
altogether,adverb,,,0,
a.m.,(NAmE,also,A.M.),0,
amazing,adjective,,,1,
ambition,noun,,,0,
among,(also,amongst),preposition,0,
amuse,verb,,,1,
amused,adjective,,,1,
analyse,(BrE),(NAmE,analyze),0,
ancient,adjective,,,0,
anger,noun,,,-1,
angry,adjective,,,-1,
animal,noun,,,0,
anniversary,noun,,,0,
annoy,verb,,,-1,
annoyed,adjective,,,-1,
annually,adverb,,,0,
answer,noun,verb,,0,
anticipate,verb,,,0,
anxious,adjective,,,-1,
any,det.,pronoun,adverb,-1,
anything,pronoun,,,0,
anywhere,adverb,,,0,
apart,from,(also,aside,0,
apologize,(BrE,also,-ise),0,
apparently,adverb,,,0,
appear,verb,,,0,
apple,noun,,,0,
apply,verb,,,0,
appointment,noun,,,0,
approach,verb,noun,,0,
approval,noun,,,1,
approving,adjective,,,1,
approximately,adverb,,,0,
area,noun,,,0,
argument,noun,,,-1,
arm,noun,verb,,0,
armed,adjective,,,0,
around,adverb,preposition,,0,
arrangement,noun,,,0,
arrival,noun,,,0,
arrow,noun,,,0,
article,noun,,,0,0
artificially,adverb,,,0,0
artistic,adjective,,,0,
ashamed,adjective,,,-1,
aside,from,apart,from,0,
asleep,adjective,,,0,
aspect,noun,,,0,
assistance,noun,,,1,
associate,verb,,,0,
association,noun,,,0,
assure,verb,,,0,
atmosphere,noun,,,0,
attach,verb,,,0,
attack,noun,verb,,-1,
attempted,adjective,,,0,
attention,noun,,,0,
attitude,noun,,,0,
attract,verb,,,1,
attractive,adjective,,,1,
August,noun,(abbr.,Aug.),0,
author,noun,,,0,
automatic,adjective,,,0,
autumn,noun,(especially,BrE),0,
average,adjective,noun,,0,
awake,adjective,,,0,
aware,adjective,,,0,
awful,adjective,,,-1,
awkward,adjective,,,-1,
baby,noun,,,0,
background,noun,,,0,
backward,adjective,,,0,
bad,adjective,,,-1,
badly,adverb,,,-1,
bag,noun,,,0,
bake,verb,,,0,
ball,noun,,,0,
band,noun,,,0,
bank,noun,,,0,
bargain,noun,,,0,
base,noun,verb,,0,
basic,adjective,,,0,
basis,noun,,,0,
bathroom,noun,,,0,
battle,noun,,,0,
be,verb,auxiliary,verb,0,
beak,noun,,,0,
beard,noun,,,0,
beautiful,adjective,,,1,
beauty,noun,,,0,
because,of,preposition,,0,
bed,noun,,,0,
beef,noun,,,0,
before,preposition,conj.,adverb,0,
beginning,noun,,,0,
behave,verb,,,0,
behind,preposition,adverb,,0,
believe,verb,,,0,
belong,verb,,,0,
belt,noun,,,0,
bent,adjective,,,0,
benefit,noun,verb,,0,
bet,verb,noun,,0,
better,best,good,well,0,
beyond,preposition,adverb,,0,
bid,verb,noun,,0,
bill,noun,,,0,
biology,noun,,,0,
birth,noun,,,0,
birthday,noun,,,0,
bit,noun,(especially,BrE),0,
bite,verb,noun,,0,
bitterly,adverb,,,0,
blade,noun,,,0,
blank,adjective,noun,,0,
blind,adjective,,,0,
blonde,adjective,noun,blond,0,
blow,verb,noun,,0,
board,noun,verb,,0,
boat,noun,,,0,
boil,verb,,,0,
bone,noun,,,0,
boot,noun,,,0,
bore,verb,,,0,
bored,adjective,,,0,
borrow,verb,,,0,
both,det.,pronoun,,0,
bottle,noun,,,0,
bound,adjective:,bound,to,0,
box,noun,,,0,
boyfriend,noun,,,0,
branch,noun,,,0,
brave,adjective,,,0,
break,verb,noun,,0,
breakfast,noun,,,0,
breath,noun,,,0,
breathing,noun,,,0,
brick,noun,,,0,
brief,adjective,,,0,
bright,adjective,,,0,
brilliant,adjective,,,1,
broad,adjective,,,0,
broadcast,verb,noun,,0,
brother,noun,,,0,
brush,noun,verb,,0,
budget,noun,,,0,
building,noun,,,0,
bunch,noun,,,0,
burnt,adjective,,,0,
bury,verb,,,0,
bush,noun,,,0,
businessman,businesswoman,noun,,0,
but,conj.,,,0,
button,noun,,,0,
buyer,noun,,,0,
bye,exclamation,,,0,
cabinet,noun,,,0,
cake,noun,,,0,
calculation,noun,,,0,
be,called,,,0,
calmly,adverb,,,0,
camp,noun,verb,,0,
campaign,noun,,,0,
cannot,,,,0,
cancel,verb,,,0,
candidate,noun,,,0,
cap,noun,,,0,
capacity,noun,,,0,
captain,noun,,,0,
car,noun,,,0,
cardboard,noun,,,0,
take,care,(of),,0,
career,noun,,,0,
carefully,adverb,,,1,
carelessly,adverb,,,-1,
carrot,noun,,,0,
case,noun,,,0,
cash,noun,,,0,
castle,noun,,,0,
catch,verb,,,0,
cause,noun,verb,,0,
cease,verb,,,0,
celebrate,verb,,,0,
cell,noun,,,0,
cent,noun,(abbr.,c,0,
central,adjective,,,0,
century,noun,,,0,
certain,adjective,pronoun,,0,
uncertain,adjective,,,0,
chain,noun,verb,,0,
chairman,chairwoman,noun,,0,
chamber,noun,,,0,
change,verb,noun,,0,
chapter,noun,,,0,
characteristic,adjective,noun,,0,
in,charge,of,,0,
chart,noun,verb,,0,
chat,verb,noun,,0,
cheaply,adverb,,,0,
check,verb,noun,,0,
cheerful,adjective,,,2,
cheese,noun,,,0,
chemist,noun,,,0,
chemistry,noun,,,0,
chest,noun,,,0,
chicken,noun,,,0,
child,noun,,,0,
chip,noun,,,0,
choice,noun,,,0,
chop,verb,,,0,
cigarette,noun,,,0,
circle,noun,,,0,
citizen,noun,,,0,
civil,adjective,,,1,
clap,verb,noun,,0,
classic,adjective,noun,,0,
clean,adjective,verb,,1,
clearly,adverb,,,0,
clever,adjective,,,1,
client,noun,,,0,
climb,verb,,,0,
clock,noun,,,0,
closely,adverb,,,0,
closed,adjective,,,0,
cloth,noun,,,0,
clothing,noun,,,0,
club,noun,,,0,
coach,noun,,,0,
coast,noun,,,0,
code,noun,,,0,
coin,noun,,,0,
coldly,adverb,,,0,
colleague,noun,,,0,
collection,noun,,,0,
colour,(BrE),(NAmE,color),0,
column,noun,,,0,
combine,verb,,,0,
comedy,noun,,,0,
comfortable,adjective,,,1,
uncomfortable,adjective,,,-1,
comment,noun,verb,,0,
commission,noun,verb,,0,
commitment,noun,,,0,
common,adjective,,,0,
commonly,adverb,,,0,
communication,noun,,,0,
company,noun,,,0,
comparison,noun,,,0,
competition,noun,,,0,
complain,verb,,,-1,
complete,adjective,verb,,1,
complex,adjective,,,0,
complicated,adjective,,,0,
concentrate,verb,,,0,
concept,noun,,,0,
concerned,adjective,,,0,
concert,noun,,,0,
conclusion,noun,,,0,
condition,noun,,,0,
conference,noun,,,0,
confident,adjective,,,1,
confine,verb,,,0,
confirm,verb,,,0,
confront,verb,,,0,
confusing,adjective,,,-1,
confusion,noun,,,0,
congress,noun,,,0,
connection,noun,,,0,
unconscious,adjective,,,0,
conservative,adjective,,,0,
considerable,adjective,,,0,
consideration,noun,,,0,
constant,adjective,,,0,
construct,verb,,,0,
consult,verb,,,0,
contact,noun,verb,,0,
container,noun,,,0,
content,noun,,,0,
context,noun,,,0,
continue,verb,,,0,
continuously,adverb,,,0,
contrast,noun,verb,,0,
contribute,verb,,,0,
control,noun,verb,,0,
under,control,,,0,
uncontrolled,adjective,,,0,
convention,noun,,,0,
conversation,noun,,,0,
convince,verb,,,0,
cooking,noun,,,0,
cookie,noun,(especially,NAmE),0,
cope,(with),verb,,-1,
core,noun,,,0,
correct,adjective,verb,,0,
cost,noun,verb,,0,
cotton,noun,,,0,
coughing,noun,,,0,
council,noun,,,0,
counter,noun,,,0,
countryside,noun,,,0,
couple,noun,,,0,
courage,noun,,,0,
of,course,,,1,
cousin,noun,,,0,
covered,adjective,,,0,
cow,noun,,,0,
cracked,adjective,,,0,
crash,noun,verb,,0,
cream,noun,adjective,,0,
creature,noun,,,0,
credit,card,noun,,0,
criminal,adjective,noun,,-1,
crisp,adjective,,,0,
critical,adjective,,,0,
criticize,(BrE,also,-ise),0,
cross,noun,verb,,0,
crowded,adjective,,,0,
crucial,adjective,,,0,
crush,verb,,,0,
ct,abbr.,cent,,0,
culture,noun,,,0,
cupboard,noun,,,0,
cure,verb,noun,,1,
curiously,adverb,,,0,
curly,adjective,,,0,
currently,adverb,,,0,
curve,noun,verb,,0,
custom,noun,,,0,
customs,noun,,,0,
cycle,noun,verb,,0,
dad,noun,,,0,
damage,noun,verb,,0,
dance,noun,verb,,0,
dancer,noun,,,0,
dangerous,adjective,,,-1,
dark,adjective,noun,,-1,
date,noun,verb,,0,
day,noun,,,0,
deaf,adjective,,,0,
deal,with,,,0,
death,noun,,,-1,
debt,noun,,,0,
decay,noun,verb,,0,
decide,verb,,,0,
declare,verb,,,0,
decorate,verb,,,0,
decorative,adjective,,,0,
deep,adjective,adverb,,0,
defeat,verb,noun,,0,
defend,verb,,,0,
definite,adjective,,,0,
definition,noun,,,0,
delay,noun,verb,,0,
deliberately,adverb,,,0,
delight,noun,verb,,0,
deliver,verb,,,0,
demand,noun,verb,,0,
dentist,noun,,,0,
department,noun,,,0,
depend,(on),verb,,0,
depress,verb,,,-1,
depressed,adjective,,,-1,
derive,verb,,,0,
description,noun,,,0,
deserted,adjective,,,0,
design,noun,verb,,0,
desk,noun,,,0,
desperately,adverb,,,-1,
destroy,verb,,,-1,
detail,noun,,,0,
detailed,adjective,,,0,
determine,verb,,,0,
develop,verb,,,0,
device,noun,,,0,
devoted,adjective,,,1,
diamond,noun,,,0,
dictionary,noun,,,0,
dying,adjective,,,-1,
difference,noun,,,0,
differently,adverb,,,0,
difficulty,noun,,,0,
dinner,noun,,,0,
directly,adverb,,,0,
director,noun,,,0,
dirty,adjective,,,-1,
disadvantage,noun,,,0,
disagreement,noun,,,0,
disappoint,verb,,,0,
disappointed,adjective,,,0,
disapproval,noun,,,0,
disapproving,adjective,,,0,
disc,(also,disk,especially,0,
discount,noun,,,0,
discovery,noun,,,0,
discussion,noun,,,0,
disgust,verb,noun,,-1,
disgusted,adjective,,,-1,
dishonest,adjective,,,-1,
disk,noun,,,0,
dismiss,verb,,,0,
dissolve,verb,,,0,
distinguish,verb,,,0,
distribution,noun,,,0,
disturb,verb,,,-1,
divide,verb,,,0,
divorce,noun,verb,,0,
do,verb,auxiliary,verb,0,
doctor,noun,(abbr.,Dr,0,
dog,noun,,,0,
domestic,adjective,,,0,
door,noun,,,0,
double,adjective,det.,adverb,0,
down,adverb,preposition,,0,
downwards,(also,downward,especially,0,
dozen,noun,det.,,0,
draft,noun,adjective,verb,0,
drama,noun,,,0,
dramatically,adverb,,,0,
drawing,noun,,,0,
dream,noun,verb,,0,
dressed,adjective,,,0,
drive,verb,noun,,0,
driver,noun,,,0,
drug,noun,,,0,
drum,noun,,,0,
dry,adjective,verb,,0,
due,to,,,0,
dump,verb,noun,,0,
dust,noun,verb,,0,
DVD,noun,,,0,
each,other,(also,one,0,
early,adjective,adverb,,0,
earth,noun,,,0,
east,noun,adjective,adverb,0,
easy,adjective,,,0,
eat,verb,,,0,
economy,noun,,,0,
edition,noun,,,0,
educate,verb,,,0,
education,noun,,,0,
effective,adjective,,,1,
efficient,adjective,,,1,
effort,noun,,,0,
egg,noun,,,0,
elbow,noun,,,0,
elect,verb,,,0,
electric,adjective,,,0,
electricity,noun,,,0,
elegant,adjective,,,0,
elevator,noun,(NAmE),,0,
elsewhere,adverb,,,0,
embarrass,verb,,,-1,
embarrassed,adjective,,,-1,
emerge,verb,,,0,
emotion,noun,,,0,
emotionally,adverb,,,0,
emphasize,(BrE,also,-ise),0,
employ,verb,,,1,
employee,noun,,,0,
employment,noun,,,0,
empty,adjective,verb,,-1,
encounter,verb,noun,,0,
encouragement,noun,,,0,
in,the,end,,0,
enemy,noun,,,0,
engage,verb,,,0,
engine,noun,,,0,
engineering,noun,,,0,
enjoyable,adjective,,,0,
enormous,adjective,,,0,
enquiry,(also,inquiry,especially,0,
enter,verb,,,0,
entertaining,adjective,,,0,
entertainment,noun,,,0,
enthusiastic,adjective,,,1,
entirely,adverb,,,0,
entrance,noun,,,0,
envelope,noun,,,0,
environmental,adjective,,,0,
equally,adverb,,,0,
equivalent,adjective,noun,,0,
escape,verb,noun,,0,
essay,noun,,,0,
essentially,adverb,,,0,
estate,noun,,,0,
etc.,(full,form,et,0,
even,adverb,adjective,,0,
event,noun,,,0,
ever,adverb,,,0,
everyone,(also,everybody),pronoun,0,
everywhere,adverb,,,0,
evil,adjective,noun,,-1,
exact,adjective,,,0,
exaggerate,verb,,,-1,
exam,noun,,,0,
examine,verb,,,0,
excellent,adjective,,,1,
exception,noun,,,0,
in,exchange,(for),,0,
exciting,adjective,,,1,
excitement,noun,,,0,
excluding,preposition,,,-1,
executive,noun,adjective,,0,
exhibit,verb,noun,,0,
exist,verb,,,0,
exit,noun,,,0,
expect,verb,,,0,
unexpected,adjective,,,0,
expectation,noun,,,0,
expensive,adjective,,,0,
experienced,adjective,,,0,
expert,noun,adjective,,0,
explanation,noun,,,0,
explore,verb,,,0,
export,verb,noun,,0,
express,verb,adjective,,0,
extend,verb,,,0,
extensive,adjective,,,0,
extra,adjective,noun,adverb,0,
extreme,adjective,noun,,0,
eye,noun,,,0,
facility,noun,,,0,
factor,noun,,,0,
fail,verb,,,-1,
faint,adjective,,,-1,
fair,adjective,,,1,
unfair,adjective,,,-1,
faith,noun,,,0,
faithfully,adverb,,,1,
fall,verb,noun,,0,
false,adjective,,,0,
familiar,adjective,,,1,
famous,adjective,,,1,
fancy,verb,adjective,,1,
further,adjective,,,0,
farming,noun,,,0,
farther,farthest,far,,0,
fashionable,adjective,,,1,
fasten,verb,,,0,
father,noun,,,0,
fault,noun,,,0,
in,favour/favor,(of),,0,
fear,noun,verb,,-1,
feature,noun,verb,,0,
federal,adjective,,,0,
feed,verb,,,0,
feeling,noun,,,0,
female,adjective,noun,,0,
festival,noun,,,0,
fever,noun,,,0,
a,few,,,0,
fight,verb,noun,,0,
figure,noun,verb,,0,
fill,verb,,,0,
final,adjective,noun,,0,
finance,noun,verb,,0,
find,verb,,,0,
fine,adjective,,,0,
finger,noun,,,0,
finished,adjective,,,0,
set,fire,to,,0,
firmly,adverb,,,0,
at,first,,,0,
fishing,noun,,,0,
fix,verb,,,0,
flag,noun,,,0,
flash,verb,noun,,0,
flavour,(BrE),(NAmE,flavor),0,
flight,noun,,,0,
flood,noun,verb,,0,
flour,noun,,,0,
flower,noun,,,0,
fly,verb,noun,,0,
focus,verb,noun,,0,
folding,adjective,,,0,
following,adjective,noun,preposition,0,
foot,noun,,,0,
for,preposition,,,0,
forecast,noun,verb,,0,
forest,noun,,,0,
forget,verb,,,-1,
fork,noun,,,0,
formal,adjective,,,0,
former,adjective,,,0,
formula,noun,,,0,
forward,(also,forwards),adverb,0,
found,verb,,,0,
frame,noun,verb,,0,
freely,adverb,,,0,
freeze,verb,,,0,
frequent,adjective,,,0,
fresh,adjective,,,0,
Friday,noun,(abbr.,Fri.),0,
friend,noun,,,0,
friendly,adjective,,,1,
friendship,noun,,,0,
frightening,adjective,,,-1,
from,preposition,,,0,
in,front,(of),,0,
fruit,noun,,,0,
fuel,noun,,,0,
fully,adverb,,,0,
make,fun,of,,0,
fund,noun,verb,,0,
funeral,noun,,,0,
fur,noun,,,0,
further,furthest,far,,0,
g,abbr.,gram,,0,
gallon,noun,,,0,
gambling,noun,,,0,
gap,noun,,,0,
garbage,noun,(especially,NAmE),0,
gas,noun,,,0,
gate,noun,,,0,
gear,noun,,,0,
generally,adverb,,,0,
generate,verb,,,0,
generous,adjective,,,1,
gentle,adjective,,,1,
gentleman,noun,,,0,
genuinely,adverb,,,1,
get,verb,,,0,
get,off,,,0,
gift,noun,,,0,
girlfriend,noun,,,0,
give,sth,away,,1,
give,(sth),up,,1,
glass,noun,,,0,
global,adjective,,,0,
glue,noun,verb,,0,
go,verb,,,0,
go,up,,,0,
goal,noun,,,0,
gold,noun,adjective,,0,
good,at,,,0,
goodbye,exclamation,noun,,0,
govern,verb,,,0,
governor,noun,,,0,
grade,noun,verb,,0,
gradually,adverb,,,0,
gram,(BrE,also,gramme),0,
grand,adjective,,,0,
granddaughter,noun,,,0,
grandmother,noun,,,0,
grandson,noun,,,0,
grass,noun,,,0,
grave,noun,adjective,,0,
great,adjective,,,0,
green,adjective,noun,,0,
grocery,(NAmE,usually,grocery,0,
ground,noun,,,0,
grow,verb,,,1,
growth,noun,,,0,
guard,noun,verb,,0,
guest,noun,,,0,
guilty,adjective,,,-1,
guy,noun,,,0,
hair,noun,,,0,
half,noun,det.,pronoun,0,
hammer,noun,,,0,
handle,verb,noun,,0,
happen,verb,,,0,
unhappiness,noun,,,-1,
happily,adverb,,,1,
hard,adjective,adverb,,0,
harm,noun,verb,,0,
harmless,adjective,,,1,
hate,verb,noun,,-1,
have,verb,auxiliary,verb,0,
he,pronoun,,,0,
headache,noun,,,0,
health,noun,,,0,
hear,verb,,,0,
heart,noun,,,0,
heating,noun,,,0,
heavy,adjective,,,0,
heel,noun,,,0,
hell,noun,,,0,
help,verb,noun,,0,
hence,adverb,,,0,
hers,pronoun,,,0,
hero,noun,,,0,
hesitate,verb,,,0,
hide,verb,,,0,
highly,adverb,,,0,
highway,noun,(especially,NAmE),0,
him,pronoun,,,0,
hip,noun,,,0,
his,det.,pronoun,,0,
history,noun,,,0,
hobby,noun,,,0,
hole,noun,,,0,
hollow,adjective,,,0,
home,noun,adverb.,,0,
honest,adjective,,,1,
honour,(BrE),(NAmE,honor),1,
hook,noun,,,0,
horizontal,adjective,,,0,
horror,noun,,,0,
hospital,noun,,,0,
hot,adjective,,,0,
hour,noun,,,0,
housing,noun,,,0,
how,adverb,,,0,
huge,adjective,,,0,
humorous,adjective,,,0,
hungry,adjective,,,0,
hunting,noun,,,0,
in,a,hurry,,0,
husband,noun,,,0,
ice,noun,,,0,
idea,noun,,,0,
ideally,adverb,,,0,
identity,noun,,,0,
if,conj.,,,0,
ill,adjective,(especially,BrE),-1,
illegally,adverb,,,-1,
illustrate,verb,,,0,
imaginary,adjective,,,0,
imagine,verb,,,0,
immediately,adverb,,,0,
impact,noun,,,0,
impatiently,adverb,,,-1,
imply,verb,,,0,
importance,noun,,,0,
importantly,adverb,,,0,
impose,verb,,,0,
impress,verb,,,0,
impression,noun,,,0,
improve,verb,,,1,
in,preposition,adverb,,0,
inch,noun,,,0,
include,verb,,,0,
income,noun,,,0,
increasingly,adverb,,,0,
independence,noun,,,0,
independently,adverb,,,0,
indicate,verb,,,0,
indirect,adjective,,,0,
individual,adjective,noun,,0,
indoor,adjective,,,0,
industry,noun,,,0,
inevitably,adverb,,,0,
infected,adjective,,,0,
infectious,adjective,,,0,
inform,verb,,,0,
information,noun,,,0,
initial,adjective,noun,,0,
initiative,noun,,,0,
injured,adjective,,,0,
ink,noun,,,0,
innocent,adjective,,,0,
insect,noun,,,0,
inside,preposition,adverb,noun,0,
install,verb,,,0,
for,instance,,,0,
instead,of,,,0,
institution,noun,,,0,
instrument,noun,,,0,
insulting,adjective,,,-1,
intelligence,noun,,,0,
intend,verb,,,0,
intention,noun,,,0,
interesting,adjective,,,1,
interior,noun,adjective,,0,
international,adjective,,,0,
interpret,verb,,,0,
interrupt,verb,,,0,
interval,noun,,,0,
into,preposition,,,0,
introduction,noun,,,0,
invention,noun,,,0,
investigate,verb,,,0,
investment,noun,,,0,
invite,verb,,,0,
involved,in,,,0,
iron,noun,verb,,0,
irritating,adjective,,,-1,
-ish,suffix,,,0,
issue,noun,verb,,0,
its,det.,,,0,
itself,pronoun,,,0,
jam,noun,,,0,
jealous,adjective,,,-1,
jelly,noun,,,0,
job,noun,,,0,
joint,adjective,noun,,0,
joke,noun,verb,,0,
journey,noun,,,0,
judge,noun,verb,,0,
juice,noun,,,0,
jump,verb,noun,,0,
junior,adjective,noun,,0,
justice,noun,,,0,
justified,adjective,,,0,
keen,adjective,,,0,
keep,verb,,,0,
keyboard,noun,,,0,
kid,noun,,,0,
killing,noun,,,0,
kilometre,(BrE),(NAmE,kilometer),0,
kindly,adverb,,,1,
kindness,noun,,,0,
kiss,verb,noun,,1,
km,abbr.,kilometre,,0,
knife,noun,,,0,
knitted,adjective,,,0,
knock,verb,noun,,0,
know,verb,,,0,
well,known,adjective,,0,
l,abbr.,litre,,0,
laboratory,lab,noun,,0,
lack,noun,verb,,0,
lady,noun,,,0,
lamp,noun,,,0,
landscape,noun,,,0,
language,noun,,,0,
largely,adverb,,,0,
late,adjective,adverb,,0,
latest,adjective,noun,,0,
laugh,verb,noun,,1,
law,noun,,,0,
lay,verb,,,0,
lazy,adjective,,,-1,
leading,adjective,,,0,
leaf,noun,,,0,
lean,verb,,,0,
least,det.,pronoun,adverb,0,
leather,noun,,,0,
leave,out,,,0,
left,adjective,adverb,noun,0,
legal,adjective,,,0,
lemon,noun,,,0,
length,noun,,,0,
lesson,noun,,,0,
letter,noun,,,0,
library,noun,,,0,
license,verb,,,0,
lie,verb,noun,,0,
lift,verb,noun,,0,
lightly,adverb,,,0,
unlike,preposition,adjective,,-1,
unlikely,adjective,,,0,
limited,adjective,,,0,
link,noun,verb,,0,
liquid,noun,adjective,,0,
listen,(to),verb,,0,
litre,(BrE),(NAmE,liter),0,
a,little,det.,pronoun,0,
live,/l?v/,verb,,0,
lively,adjective,,,1,
unload,verb,,,0,
local,adjective,,,0,
locate,verb,,,0,
location,noun,,,0,
logic,noun,,,0,
lonely,adjective,,,-1,
look,verb,noun,,0,
look,at,,,0,
look,forward,to,,0,
loosely,adverb,,,0,
lorry,noun,(BrE),,0,
lost,adjective,,,0,
lot:,a,lot,(of),0,
loudly,adverb,,,0,
lovely,adjective,,,1,
low,adjective,adverb,,0,
luck,noun,,,0,
unlucky,adjective,,,-1,
lump,noun,,,0,
lung,noun,,,0,
machinery,noun,,,0,
magazine,noun,,,0,
mail,noun,verb,,0,
mainly,adverb,,,0,
major,adjective,,,0,
make,verb,noun,,0,
make-up,noun,,,0,
mall,noun,(especially,NAmE),0,
manage,verb,,,0,
manager,noun,,,0,
manufacture,verb,noun,,0,
manufacturer,noun,,,0,
map,noun,,,0,
march,verb,noun,,0,
market,noun,,,0,
marriage,noun,,,0,
married,adjective,,,0,
massive,adjective,,,0,
match,noun,verb,,0,
mate,noun,verb,,0,
mathematics,(also,maths,BrE,0,
maximum,adjective,noun,,0,
May,noun,,,0,
mayor,noun,,,0,
meal,noun,,,0,
meaning,noun,,,0,
by,means,of,,0,
measure,verb,noun,,0,
meat,noun,,,0,
medical,adjective,,,0,
medium,adjective,noun,,0,
meeting,noun,,,0,
member,noun,,,0,
memory,noun,,,0,
mental,adjective,,,0,
mention,verb,,,0,
mere,adjective,,,0,
mess,noun,,,0,
metal,noun,,,0,
metre,(BrE),(NAmE,meter),0,
mid-,combining,form,,0,
middle,noun,adjective,,0,
might,modal,verb,,0,
mile,noun,,,0,
milk,noun,,,0,
millimetre,(NAmE,millimeter),noun,0,
mine,pronoun,noun,,0,
minimum,adjective,noun,,0,
ministry,noun,,,0,
minority,noun,,,0,
mirror,noun,,,0,
Miss,noun,,,0,
mistake,noun,verb,,0,
mix,verb,noun,,0,
mixture,noun,,,0,
mobile,adjective,,,0,
model,noun,,,0,
mom,(NAmE),mum,,0,
Monday,noun,(abbr.,Monoun),0,
monitor,noun,verb,,0,
mood,noun,,,0,
moral,adjective,,,0,
more,det.,pronoun,adverb,0,
morning,noun,,,0,
mostly,adverb,,,0,
motion,noun,,,0,
motorcycle,(BrE,also,motorbike),0,
mountain,noun,,,0,
mouth,noun,,,0,
moving,adjective,,,0,
movie,noun,(especially,NAmE),0,
Mr,(BrE),(also,Mr.,0,
Ms,(BrE),(also,Ms.,0,
mud,noun,,,0,
mum,(BrE),(NAmE,mom),0,
muscle,noun,,,0,
music,noun,,,0,
musician,noun,,,0,
my,det.,,,0,
mysterious,adjective,,,0,
nail,noun,,,0,
name,noun,verb,,0,
nation,noun,,,0,
natural,adjective,,,0,
nature,noun,,,0,
near,adjective,adverb,preposition,0,
nearly,adverb,,,0,
neatly,adverb,,,0,
necessarily,adverb,,,0,
neck,noun,,,0,
needle,noun,,,0,
neighbour,(BrE),(NAmE,neighbor),0,
neither,det.,pronoun,adverb,0,
nerve,noun,,,0,
nervously,adverb,,,0,
net,noun,,,0,
never,adverb,,,0,
new,adjective,,,0,
news,noun,,,0,
next,adjective,adverb,noun,0,
nice,adjective,,,1,
niece,noun,,,0,
no,exclamation,det.,,0,
nobody,(also,no,one),0,
noisy,adjective,,,-1,
non-,prefix,,,0,
nonsense,noun,,,0,
nor,conj.,adverb,,0,
normally,adverb,,,0,
northern,adjective,,,0,
not,adverb,,,0,
nothing,pronoun,,,0,
take,notice,of,,0,
novel,noun,,,0,
now,adverb,,,0,
nuclear,adjective,,,0,
nurse,noun,,,0,
obey,verb,,,0,
objective,noun,adjective,,0,
observe,verb,,,0,
obvious,adjective,,,0,
occasion,noun,,,0,
occupy,verb,,,0,
occur,verb,,,0,
o'clock,adverb,,,0,
odd,adjective,,,-1,
of,preposition,,,0,
offence,(BrE),(NAmE,offense),0,
offensive,adjective,,,0,
office,noun,,,0,
official,adjective,noun,,0,
often,adverb,,,0,
oil,noun,,,0,
old,adjective,,,0,
on,preposition,adverb,,0,
one,number,det.,pronoun,0,
onion,noun,,,0,
onto,preposition,,,0,
openly,adverb,,,0,
operate,verb,,,0,
opinion,noun,,,0,
opportunity,noun,,,0,
opposing,adjective,,,-1,
opposite,adjective,adverb,noun,0,
option,noun,,,0,
orange,noun,adjective,,0,
in,order,to,,0,
organ,noun,,,0,
organize,(BrE,also,-ise),0,
origin,noun,,,0,
originally,adverb,,,0,
otherwise,adverb,,,0,
our,det.,,,0,
ourselves,pronoun,,,0,
outdoors,adverb,,,0,
outer,adjective,,,0,
output,noun,,,0,
outstanding,adjective,,,2,
over,adverb,preposition,,0,
overcome,verb,,,0,
own,adjective,pronoun,verb,0,
p,abbr.,page,penny,0,
pack,verb,noun,,0,
packaging,noun,,,0,
page,noun,(abbr.,p),0,
painful,adjective,,,-1,
painting,noun,,,0,
pair,noun,,,0,
pale,adjective,,,0,
panel,noun,,,0,
paper,noun,,,0,
parent,noun,,,0,
parliament,noun,,,0,
take,part,(in),,0,
particularly,adverb,,,0,
partner,noun,,,0,
party,noun,,,0,
passing,noun,adjective,,0,
passenger,noun,,,0,
past,adjective,noun,preposition,0,
patience,noun,,,0,
pattern,noun,,,0,
pay,verb,noun,,0,
peace,noun,,,0,
peak,noun,,,0,
pence,noun,,,0,
pencil,noun,,,0,
pension,noun,,,0,
pepper,noun,,,0,
per,cent,(NAmE,usually,0,
perfectly,adverb,,,0,
performance,noun,,,0,
perhaps,adverb,,,0,
permanent,adjective,,,0,
permission,noun,,,0,
person,noun,,,0,
personally,adverb,,,0,
persuade,verb,,,0,
petrol,noun,(BrE),,0,
philosophy,noun,,,0,
photocopy,noun,verb,,0,
photographer,noun,,,0,
phrase,noun,,,0,
physically,adverb,,,0,
piano,noun,,,0,
pick,sth,up,,0,
piece,noun,,,0,
pile,noun,verb,,0,
pilot,noun,,,0,
pink,adjective,noun,,0,
pipe,noun,,,0,
pity,noun,,,0,
take,place,,,0,
plan,noun,verb,,0,
plane,noun,,,0,
plant,noun,verb,,0,
plate,noun,,,0,
play,verb,noun,,0,
pleasant,adjective,,,1,
unpleasant,adjective,,,-1,
pleasing,adjective,,,1,
pleasure,noun,,,0,
plot,noun,verb,,0,
plus,preposition,noun,adjective,1,
pocket,noun,,,0,
poetry,noun,,,0,
pointed,adjective,,,0,
poisonous,adjective,,,-1,
police,noun,,,0,
polish,noun,verb,,0,
politely,adverb,,,1,
politically,adverb,,,0,
politics,noun,,,0,
pool,noun,,,0,
pop,noun,verb,,0,
population,noun,,,0,
pose,verb,noun,,0,
positive,adjective,,,1,
possession,noun,,,0,
possible,adjective,,,0,
post,noun,verb,,0,
pot,noun,,,0,
potential,adjective,noun,,0,
pound,noun,,,0,
powder,noun,,,0,
powerful,adjective,,,0,
practically,adverb,,,0,
practise,verb,(BrE),,0,
prayer,noun,,,0,
precisely,adverb,,,0,
prefer,verb,,,0,
pregnant,adjective,,,0,
preparation,noun,,,0,
prepared,adjective,,,0,
present,adjective,noun,verb,0,
preserve,verb,,,0,
press,noun,verb,,0,
presumably,adverb,,,0,
pretty,adverb,adjective,,1,
previous,adjective,,,0,
price,noun,,,0,
priest,noun,,,0,
primarily,adverb,,,0,
prince,noun,,,0,
principle,noun,,,0,
printing,noun,,,0,
prior,adjective,,,0,
prison,noun,,,0,
private,adjective,,,0,
prize,noun,,,0,
probably,adverb,,,0,
procedure,noun,,,0,
process,noun,verb,,0,
producer,noun,,,0,
production,noun,,,0,
professional,adjective,noun,,0,
profit,noun,,,0,
programme,noun,(BrE),,0,
project,noun,verb,,0,
promote,verb,,,0,
prompt,adjective,verb,,0,
pronounce,verb,,,0,
proof,noun,,,0,
properly,adverb,,,0,
proportion,noun,,,0,
propose,verb,,,0,
protect,verb,,,0,
protest,noun,verb,,0,
proudly,adverb,,,0,
provide,verb,,,0,
pt,abbr.,pint,,0,
public,adjective,noun,,0,
publicly,adverb,,,0,
publicity,noun,,,0,
publishing,noun,,,0,
punch,verb,noun,,0,
punishment,noun,,,0,
purchase,noun,verb,,0,
purely,adverb,,,0,
purpose,noun,,,0,
pursue,verb,,,0,
put,verb,,,0,
put,sth,out,,0,
qualify,verb,,,0,
quality,noun,,,0,
quarter,noun,,,0,
question,noun,verb,,0,
quickly,adverb,,,0,
quietly,adverb,,,0,
quite,adverb,,,0,
race,noun,verb,,0,
radio,noun,,,0,
railway,(BrE),(NAmE,railroad),0,
raise,verb,,,0,
rank,noun,verb,,0,
rapidly,adverb,,,0,
rarely,adverb,,,0,
rather,adverb,,,0,
raw,adjective,,,0,
reach,verb,,,0,
reaction,noun,,,0,
reading,noun,,,0,
ready,adjective,,,0,
really,adverb,,,0,
reality,noun,,,0,
really,real,,,0,
reason,noun,,,0,
reasonably,adverb,,,0,
recall,verb,,,0,
receive,verb,,,0,
recently,adverb,,,0,
reckon,verb,,,0,
recognize,(BrE,also,-ise),0,
record,noun,verb,,0,
recover,verb,,,0,
reduce,verb,,,0,
refer,to,verb,,0,
reflect,verb,,,0,
refrigerator,noun,,,0,
refuse,verb,,,0,
regarding,preposition,,,0,
regional,adjective,,,0,
regret,verb,noun,,0,
regularly,adverb,,,0,
reject,verb,,,-1,
related,(to),adjective,,0,
relationship,noun,,,0,
relatively,adverb,,,0,
relaxed,adjective,,,0,
release,verb,noun,,0,
relief,noun,,,0,
religious,adjective,,,0,
remain,verb,,,0,
remains,noun,,,0,
remarkable,adjective,,,0,
remember,verb,,,0,
remote,adjective,,,0,
remove,verb,,,0,
rented,adjective,,,0,
repeat,verb,,,0,
repeatedly,adverb,,,0,
reply,noun,verb,,0,
represent,verb,,,0,
reproduce,verb,,,0,
request,noun,verb,,0,
requirement,noun,,,0,
research,noun,,,0,
reserve,verb,noun,,0,
resist,verb,,,0,
resolve,verb,,,1,
resource,noun,,,0,
respond,verb,,,0,
responsibility,noun,,,0,
rest,noun,verb,,0,
restaurant,noun,,,0,
restrict,verb,,,0,
restriction,noun,,,0,
retain,verb,,,0,
retired,adjective,,,0,
return,verb,noun,,0,
reverse,verb,noun,,0,
revise,verb,,,0,
revolution,noun,,,0,
rhythm,noun,,,0,
rich,adjective,,,1,
ride,verb,noun,,0,
rider,noun,,,0,
right,adjective,adverb,noun,0,
ring,noun,verb,,0,
risk,noun,verb,,0,
river,noun,,,0,
rob,verb,,,0,
role,noun,,,0,
romantic,adjective,,,1,
room,noun,,,0,
rope,noun,,,0,
roughly,adverb,,,0,
rounded,adjective,,,0,
routine,noun,adjective,,0,
royal,adjective,,,1,
rubber,noun,,,0,
rude,adjective,,,-1,
ruin,verb,noun,,-1,
rule,noun,verb,,0,
rumour,noun,,,0,
running,noun,,,0,
rural,adjective,,,0,
sack,noun,verb,,0,
sadly,adverb,,,-1,
safe,adjective,,,0,
safety,noun,,,0,
sailing,noun,,,0,
salad,noun,,,0,
sale,noun,,,0,
salty,adjective,,,0,
sample,noun,,,0,
satisfaction,noun,,,0,
satisfied,adjective,,,1,
Saturday,noun,(abbr.,Sat.),0,
save,verb,,,0,
say,verb,,,0,
scare,verb,noun,,0,
scene,noun,,,0,
scheme,noun,,,0,
science,noun,,,0,
scientist,noun,,,0,
score,noun,verb,,0,
scream,verb,noun,,-1,
screw,noun,verb,,0,
seal,noun,verb,,0,
season,noun,,,0,
second,det.,ordinal,number,0,
secret,adjective,noun,,0,
secretary,noun,,,0,
sector,noun,,,0,
security,noun,,,0,
seed,noun,,,0,
seem,linking,verb,,0,
selection,noun,,,0,
self-,combining,form,,0,
senate,noun,,,0,
send,verb,,,0,
sense,noun,,,0,
sensitive,adjective,,,0,
separate,adjective,verb,,0,
separately,adverb,,,0,
September,noun,(abbr.,Sept.),0,
serious,adjective,,,0,
servant,noun,,,0,
service,noun,,,0,
set,noun,verb,,0,
several,det.,pronoun,,0,
severely,adverb,,,0,
sewing,noun,,,0,
sexual,adjective,,,0,
shade,noun,,,0,
shake,verb,noun,,0,
shallow,adjective,,,0,
shape,noun,verb,,0,
share,verb,noun,,0,
sharply,adverb,,,0,
she,pronoun,,,0,
sheet,noun,,,0,
shell,noun,,,0,
shift,verb,noun,,0,
shiny,adjective,,,0,
shirt,noun,,,0,
shocking,adjective,,,0,
shoe,noun,,,0,
shooting,noun,,,0,
shopping,noun,,,0,
shortly,adverb,,,0,
should,modal,verb,,0,
shout,verb,noun,,0,
shower,noun,,,0,
shy,adjective,,,0,
be,sick,(BrE),,0,
side,noun,,,0,
sight,noun,,,0,
signal,noun,verb,,0,
significant,adjective,,,0,
silence,noun,,,0,
silk,noun,,,0,
silver,noun,adjective,,0,
similarly,adverb,,,0,
simply,adverb,,,0,
sincere,adjective,,,1,
Yours,sincerely,(BrE),,0,
singing,noun,,,0,
single,adjective,,,0,
sir,noun,,,0,
sit,verb,,,0,
site,noun,,,0,
size,noun,,,0,
skilful,(BrE),(NAmE,skillful),1,
skill,noun,,,0,
skin,noun,,,0,
sky,noun,,,0,
sleeve,noun,,,0,
slide,verb,,,0,
slightly,adverb,,,0,
slope,noun,verb,,0,
slowly,adverb,,,0,
smart,adjective,,,0,
smell,verb,noun,,0,
smoke,noun,verb,,0,
smooth,adjective,,,0,
snake,noun,,,0,
so,adverb,conj.,,0,
soap,noun,,,0,
socially,adverb,,,0,
sock,noun,,,0,
softly,adverb,,,0,
soil,noun,,,0,
solid,adjective,noun,,0,
solve,verb,,,1,
somebody,(also,someone),pronoun,0,
something,pronoun,,,0,
somewhat,adverb,,,0,
son,noun,,,0,
soon,adverb,,,0,
sore,adjective,,,0,
sort,noun,verb,,0,
sound,noun,verb,,0,
sour,adjective,,,0,
south,noun,adjective,adverb,0,
space,noun,,,0,
speak,verb,,,0,
speaker,noun,,,0,
specially,adverb,,,0,
specific,adjective,,,0,
speech,noun,,,0,
spell,verb,noun,,0,
spend,verb,,,0,
spicy,adjective,,,0,
spin,verb,,,0,
spiritual,adjective,,,0,
split,verb,noun,,0,
spoken,speak,,,0,
sport,noun,,,0,
spray,noun,verb,,0,
spring,noun,,,0,
squeeze,verb,noun,,0,
staff,noun,,,0,
stair,noun,,,0,
stand,verb,noun,,0,
standard,noun,adjective,,0,
stare,verb,noun,,0,
state,noun,adjective,verb,0,
station,noun,,,0,
status,noun,,,0,
steady,adjective,,,1,
unsteady,adjective,,,-1,
steam,noun,,,0,
steep,adjective,,,0,
steer,verb,,,0,
stick,verb,noun,,0,
sticky,adjective,,,0,
stiffly,adverb,,,0,
sting,verb,noun,,0,
stock,noun,,,0,
stone,noun,,,0,
store,noun,verb,,0,
story,noun,,,0,
straight,adverb,adjective,,0,
strange,adjective,,,0,
stranger,noun,,,0,
stream,noun,,,0,
strength,noun,,,0,
stressed,adjective,,,-1,
strict,adjective,,,0,
strike,verb,noun,,0,
string,noun,,,0,
stripe,noun,,,0,
stroke,noun,verb,,0,
strongly,adverb,,,0,
struggle,verb,noun,,0,
studio,noun,,,0,
stuff,noun,,,0,
style,noun,,,0,
substance,noun,,,0,
substantially,adverb,,,0,
succeed,verb,,,1,
successful,adjective,,,1,
unsuccessful,adjective,,,-1,
such,as,,,0,
sudden,adjective,,,0,
suffer,verb,,,-1,
sufficient,adjective,,,0,
sugar,noun,,,0,
suggestion,noun,,,0,
suited,adjective,,,0,
suitcase,noun,,,0,
summary,noun,,,0,
sun,noun,,,0,
superior,adjective,,,1,
supply,noun,verb,,0,
supporter,noun,,,0,
sure,adjective,adverb,,0,
surely,adverb,,,0,
surname,noun,(especially,BrE),0,
surprising,adjective,,,0,
surprised,adjective,,,0,
surrounding,adjective,,,0,
survey,noun,verb,,0,
suspect,verb,noun,,0,
suspicious,adjective,,,-1,
swear,verb,,,0,
sweat,noun,verb,,0,
sweep,verb,,,0,
swell,verb,,,0,
swollen,adjective,,,0,
swimming,noun,,,0,
swing,noun,verb,,0,
switch,sth,off,,0,
swollen,swell,,,-1,
sympathetic,adjective,,,0,
system,noun,,,0,
tablet,noun,,,0,
tail,noun,,,0,
take,sth,off,,0,
talk,verb,noun,,0,
tank,noun,,,0,
tape,noun,,,0,
task,noun,,,0,
tax,noun,verb,,0,
tea,noun,,,0,
teaching,noun,,,0,
team,noun,,,0,
tear,/t??(r),NAmE,t?r/,0,
technique,noun,,,0,
telephone,(also,phone),noun,0,
tell,verb,,,0,
temporary,adjective,,,0,
tend,verb,,,0,
tension,noun,,,-1,
term,noun,,,0,
terribly,adverb,,,-1,
text,noun,,,0,
thank,verb,,,1,
thank,you,exclamation,noun,1,
the,definite,article,,0,
their,det.,,,0,
them,pronoun,,,0,
themselves,pronoun,,,0,
theory,noun,,,0,
therefore,adverb,,,0,
thick,adjective,,,0,
thickness,noun,,,0,
thin,adjective,,,0,
think,verb,,,0,
thirsty,adjective,,,0,
thorough,adjective,,,0,
though,conj.,adverb,,0,
thread,noun,,,0,
threaten,verb,,,0,
throat,noun,,,0,
throughout,preposition,adverb,,0,
throw,sth,away,,0,
Thursday,noun,(abbr.,Thur.,0,
ticket,noun,,,0,
untidy,adjective,,,-1,
tie,sth,up,,0,
tightly,adverb,,,0,
time,noun,,,0,
tin,noun,,,0,
tip,noun,verb,,0,
tiring,adjective,,,-1,
title,noun,,,0,
today,adverb,noun,,0,
together,adverb,,,0,
tomato,noun,,,0,
ton,noun,,,0,
tongue,noun,,,0,
tonne,noun,,,0,
tool,noun,,,0,
top,noun,adjective,,0,
total,adjective,noun,,0,
touch,verb,noun,,0,
tour,noun,verb,,0,
towards,(also,toward,especially,0,
tower,noun,,,0,
toy,noun,adjective,,0,
track,noun,,,0,
trading,noun,,,0,
traditional,adjective,,,0,
traffic,noun,,,0,
training,noun,,,0,
transform,verb,,,0,
translation,noun,,,0,
transport,noun,(BrE),(NAmE,0,
trap,noun,verb,,0,
traveller,(BrE),(NAmE,traveler),0,
treatment,noun,,,0,
trend,noun,,,0,
triangle,noun,,,0,
trip,noun,verb,,0,
trouble,noun,,,0,
truck,noun,(especially,NAmE),0,
truly,adverb,,,1,
trust,noun,verb,,0,
try,verb,,,0,
Tuesday,noun,(abbr.,Tue.,0,
tunnel,noun,,,0,
TV,television,,,0,
twin,noun,adjective,,0,
twisted,adjective,,,-1,
typical,adjective,,,0,
tyre,noun,(BrE),(NAmE,0,
ultimate,adjective,,,0,
umbrella,noun,,,0,
unacceptable,acceptable,,,0,
uncle,noun,,,0,
unconscious,conscious,,,-1,
under,preposition,adverb,,0,
underneath,preposition,adverb,,0,
understanding,noun,,,1,
underwear,noun,,,0,
unemployed,employ,,,-1,
unexpected,unexpectedly,expect,,0,
unfortunate,adjective,,,-1,
unfriendly,friendly,,,-1,
unhappy,happy,,,-1,
unimportant,important,,,-1,
unique,adjective,,,0,
unite,verb,,,1,
universe,noun,,,0,
unkind,kind,,,-1,
unless,conj.,,,0,
unlikely,likely,,,-1,
unlucky,lucky,,,-1,
unpleasant,pleasant,,,-1,
unsteady,steady,,,-1,
untidy,tidy,,,-1,
unusual,unusually,usual,,-1,
up,adverb,preposition,,0,
upper,adjective,,,0,
upsetting,adjective,,,-1,
upstairs,adverb,adjective,noun,0,
upward,adjective,,,0,
urge,verb,noun,,0,
us,pronoun,,,0,
used,adjective,,,0,
used,to,modal,verb,0,
useless,adjective,,,-1,
usual,adjective,,,0,
o,,,,0,
o,,,,0,
o,,,,0,
vacation,noun,,,0,
valley,noun,,,0,
value,noun,verb,,0,
variation,noun,,,0,
various,adjective,,,0,
varied,adjective,,,0,
vegetable,noun,,,1,
venture,noun,verb,,0,
vertical,adjective,,,0,
via,preposition,,,0,
victory,noun,,,0,
view,noun,verb,,0,
violence,noun,,,-1,
violently,adverb,,,-1,
virus,noun,,,0,
vision,noun,,,0,
visitor,noun,,,0,
vocabulary,noun,,,0,
volume,noun,,,0,
wage,noun,,,0,
wait,verb,,,0,
wake,(up),verb,,0,
walking,noun,,,0,
wallet,noun,,,0,
want,verb,,,0,
warm,adjective,verb,,0,
warn,verb,,,0,
wash,verb,,,0,
waste,verb,noun,adjective,0,
water,noun,,,0,
way,noun,,,0,
weak,adjective,,,-1,
wealth,noun,,,0,
wear,verb,,,0,
web,noun,,,0,
website,noun,,,0,
Wednesday,noun,(abbr.,Wed.,0,
weekend,noun,,,0,
weigh,verb,,,0,
welcome,verb,adjective,noun,0,
as,well,(as),,0,
west,noun,adjective,adverb,0,
wet,adjective,,,0,
whatever,det.,pronoun,,0,
when,adverb,pronoun,conj.,0,
where,adverb,conj.,,0,
wherever,conj.,,,0,
which,pronoun,det.,,0,
whilst,conj.,(especially,BrE),0,
whistle,noun,verb,,0,
who,pronoun,,,0,
whole,adjective,noun,,0,
whose,det.,pronoun,,0,
wide,adjective,,,0,
width,noun,,,0,
wild,adjective,,,0,
will,modal,verb,noun,0,
willingly,adverb,,,0,
unwillingly,adverb,,,0,
win,verb,,,1,
wind,/wa?nd/,verb,,0,
wind,/w?nd/,noun,,0,
wine,noun,,,0,
winner,noun,,,1,
wire,noun,,,0,
wish,verb,noun,,0,
withdraw,verb,,,0,
without,preposition,,,0,
woman,noun,,,0,
wonderful,adjective,,,2,
wooden,adjective,,,0,
word,noun,,,0,
working,adjective,,,0,
world,noun,,,0,
worrying,adjective,,,-1,
worse,worst,bad,,0,
worth,adjective,,,0,
wound,noun,verb,,0,
wrap,verb,,,0,
wrist,noun,,,0,
writing,noun,,,0,
writer,noun,,,0,
go,wrong,,,0,
yard,noun,,,0,
yeah,exclamation,,,0,
yellow,adjective,noun,,0,
yesterday,adverb,noun,,0,
you,pronoun,,,0,
your,det.,,,0,
yourself,pronoun,,,0,
zero,number,,,0,
usually,adverb,,,0,
unusual,adjective,,,0,
unusually,adverb,,,0,
valid,adjective,,,0,
valuable,adjective,,,1,
van,noun,,,0,
variety,noun,,,0,
vary,verb,,,0,
vast,adjective,,,0,
vehicle,noun,,,0,
version,noun,,,0,
very,adverb,,,0,
victim,noun,,,0,
video,noun,,,0,
village,noun,,,0,
violent,adjective,,,-1,
virtually,adverb,,,0,
visible,adjective,,,0,
visit,verb,noun,,0,
vital,adjective,,,1,
voice,noun,,,0,
vote,noun,verb,,0,
waist,noun,,,0,
waiter,waitress,noun,,0,
walk,verb,noun,,0,
wall,noun,,,0,
wander,verb,noun,,0,
war,noun,,,-1,
warmth,noun,,,0,
warning,noun,,,0,
washing,noun,,,0,
watch,verb,noun,,0,
wave,noun,verb,,0,
we,pronoun,,,0,
weakness,noun,,,-1,
weapon,noun,,,0,
weather,noun,,,0,
the,Web,noun,,0,
wedding,noun,,,0,
week,noun,,,0,
weekly,adjective,,,0,
weight,noun,,,0,
well,adverb,adjective,exclamation,1,
well,known,know,,1,
western,adjective,,,0,
what,pronoun,det.,,0,
wheel,noun,,,0,
whenever,conj.,,,0,
whereas,conj.,,,0,
whether,conj.,,,0,
while,conj.,noun,,0,
whisper,verb,noun,,0,
white,adjective,noun,,0,
whoever,pronoun,,,0,
whom,pronoun,,,0,
why,adverb,,,0,
widely,adverb,,,0,
wife,noun,,,0,
wildly,adverb,,,0,
willing,adjective,,,1,
unwilling,adjective,,,-1,
willingness,noun,,,0,
winning,adjective,,,1,
wind,sth,up,,0,
window,noun,,,0,
wing,noun,,,0,
winter,noun,,,0,
wise,adjective,,,1,
with,preposition,,,0,
within,preposition,,,0,
witness,noun,verb,,0,
wonder,verb,,,1,
wood,noun,,,0,
wool,noun,,,0,
work,verb,noun,,0,
worker,noun,,,0,
worry,verb,noun,,-1,
worried,adjective,,,-1,
worship,noun,verb,,0,
would,modal,verb,,0,
wounded,adjective,,,-1,
wrapping,noun,,,0,
write,verb,,,0,
written,adjective,,,0,
wrong,adjective,adverb,,0,
wrongly,adverb,,,-1,
yawn,verb,noun,,0,
year,noun,,,0,
yes,exclamation,noun,,0,
yet,adverb,conj.,,0,
young,adjective,,,0,
yours,pronoun,,,0,
youth,noun,,,0,
zone,noun,,,0,
abandon,verb,,,-1,
ability,noun,,,0,
unable,adjective,,,-1,
above,preposition,adverb,,0,
absence,noun,,,-1,
absolute,adjective,,,0,
absorb,verb,,,0,
academic,adjective,,,0,
accept,verb,,,0,
unacceptable,adjective,,,-1,
accident,noun,,,-1,
accidental,adjective,,,-1,
accommodation,noun,,,0,
according,to,preposition,,0,
accurate,adjective,,,0,
accuse,verb,,,0,
achievement,noun,,,0,
acknowledge,verb,,,0,
across,adverb,preposition,,0,
action,noun,,,0,
active,adjective,,,0,
activity,noun,,,0,
actual,adjective,,,0,
ad,advertisement,,,0,
add,verb,,,0,
in,addition,(to),,0,
address,noun,verb,,0,
adequately,adverb,,,0,
admiration,noun,,,0,
admit,verb,,,0,
adult,noun,adjective,,0,
advanced,adjective,,,0,
advantage,noun,,,0,
adventure,noun,,,0,
advertising,noun,,,0,
advice,noun,,,0,
affair,noun,,,0,
affection,noun,,,0,
afraid,adjective,,,-1,
afternoon,noun,,,0,
again,adverb,,,0,
age,noun,,,0,
agency,noun,,,0,
aggressive,adjective,,,-1,
agree,verb,,,0,
ahead,adverb,,,0,
aim,noun,verb,,0,
aircraft,noun,,,0,
alarm,noun,verb,,0,
alarmed,adjective,,,-1,
alcoholic,adjective,noun,,-1,
all,det.,pronoun,adverb,0,
all,right,adjective,adverb,0,
allied,adjective,,,1,
alone,adjective,adverb,,-1,
alongside,preposition,adverb,,0,
alphabet,noun,,,0,
alphabetically,adverb,,,0,
also,adverb,,,0,
alternative,noun,adjective,,0,
although,conj.,,,0,
always,adverb,,,0,
amaze,verb,,,1,
amazed,adjective,,,1,
ambulance,noun,,,0,
amount,noun,verb,,0,
amusing,adjective,,,1,
an,a,an,,0,
analysis,noun,,,0,
and,conj.,,,0,
angle,noun,,,0,
angrily,adverb,,,-1,
ankle,noun,,,0,
announce,verb,,,0,
annoying,adjective,,,-1,
annual,adjective,,,0,
another,det.,pronoun,,0,
anti-,prefix,,,0,
anxiety,noun,,,-1,
anxiously,adverb,,,-1,
anyone,(also,anybody),pronoun,0,
anyway,adverb,,,0,
apart,adverb,,,0,
apartment,noun,(especially,NAmE),0,
apparent,adjective,,,0,
appeal,noun,verb,,0,
appearance,noun,,,0,
application,noun,,,0,
appoint,verb,,,0,
appreciate,verb,,,1,
appropriate,adjective,,,0,
approve,(of),verb,,1,
approximate,adjective,,,0,
April,noun,(abbr.,Apr.),0,
argue,verb,,,-1,
arise,verb,,,0,
arms,noun,,,0,
army,noun,,,0,
arrange,verb,,,0,
arrest,verb,noun,,0,
arrive,verb,,,0,
art,noun,,,0,
artificial,adjective,,,-1,
artist,noun,,,0,
as,preposition,adverb,conj.,0,
aside,adverb,,,0,
ask,verb,,,0,
fall,asleep,,,0,
assist,verb,,,1,
assistant,noun,adjective,,1,
associated,with,,,0,
assume,verb,,,0,
at,preposition,,,0,
atom,noun,,,0,
attached,adjective,,,0,
attempt,noun,verb,,0,
attend,verb,,,0,
pay,attention,,,1,
attorney,noun,(especially,NAmE),0,
attraction,noun,,,1,
audience,noun,,,0,
aunt,noun,,,0,
authority,noun,,,0,
automatically,adverb,,,0,
available,adjective,,,0,
avoid,verb,,,-1,
award,noun,verb,,0,
away,adverb,,,0,
awfully,adverb,,,-1,
awkwardly,adverb,,,-1,
back,noun,adjective,adverb,0,
backwards,(also,backward,especially,-1,
bacteria,noun,,,0,
go,bad,,,0,
bad-tempered,adjective,,,-1,
baggage,noun,(especially,NAmE),0,
balance,noun,verb,,0,
ban,verb,noun,,-1,
bandage,noun,verb,,0,
bar,noun,,,0,
barrier,noun,,,0,
based,on,,,0,
basically,adverb,,,0,
bath,noun,,,0,
battery,noun,,,0,
bay,noun,,,0,
beach,noun,,,0,
bear,verb,,,0,
beat,noun,verb,,0,
beautifully,adverb,,,1,
because,conj.,,,0,
become,verb,,,0,
bedroom,noun,,,0,
beer,noun,,,0,
begin,verb,,,0,
behalf,noun:,on,behalf,0,
behaviour,(BrE),(NAmE,behavior),0,
belief,noun,,,0,
bell,noun,,,0,
below,preposition,adverb,,0,
bend,verb,noun,,0,
beneath,preposition,adverb,,0,
beside,preposition,,,0,
betting,noun,,,0,
between,preposition,adverb,,0,
bicycle,(also,bike),noun,0,
big,adjective,,,0,
bin,noun,(BrE),,0,
bird,noun,,,0,
give,birth,(to),,1,
biscuit,noun,(BrE),,0,
a,bit,,,0,
bitter,adjective,,,-1,
black,adjective,noun,,0,
blame,verb,noun,,-1,
blankly,adverb,,,0,
block,noun,verb,,0,
blood,noun,,,0,
blue,adjective,noun,,0,
on,board,,,1,
body,noun,,,0,
bomb,noun,verb,,0,
book,noun,verb,,0,
border,noun,,,0,
boring,adjective,,,0,
born:,be,born,verb,0,
boss,noun,,,0,
bother,verb,,,0,
bottom,noun,adjective,,0,
bowl,noun,,,0,
boy,noun,,,0,
brain,noun,,,0,
brand,noun,,,0,
bread,noun,,,0,
broken,adjective,,,-1,
breast,noun,,,0,
breathe,verb,,,0,
breed,verb,noun,,0,
bridge,noun,,,0,
briefly,adverb,,,0,
brightly,adverb,,,0,
bring,verb,,,0,
broadly,adverb,,,0,
broken,break,,,0,
brown,adjective,noun,,0,
bubble,noun,,,0,
build,verb,,,1,
bullet,noun,,,0,
burn,verb,,,0,
burst,verb,,,0,
bus,noun,,,0,
business,noun,,,0,
busy,adjective,,,0,
butter,noun,,,0,
buy,verb,,,0,
by,preposition,adverb,,0,
c,abbr.,cent,,0,
cable,noun,,,0,
calculate,verb,,,0,
call,verb,noun,,0,
calm,adjective,verb,noun,0,
camera,noun,,,0,
camping,noun,,,0,
can,modal,verb,noun,0,
could,modal,verb,,0,
cancer,noun,,,0,
candy,noun,(NAmE),,0,
capable,(of),adjective,,0,
capital,noun,adjective,,0,
capture,verb,noun,,0,
card,noun,,,0,
care,noun,verb,,0,
care,for,,,0,
careful,adjective,,,1,
careless,adjective,,,-1,
carpet,noun,,,0,
carry,verb,,,0,
in,case,(of),,0,
cast,verb,noun,,0,
cat,noun,,,0,
category,noun,,,0,
CD,noun,,,0,
ceiling,noun,,,0,
celebration,noun,,,0,
cellphone,(also,cellular,phone),0,
centimetre,(BrE),(NAmE,centimeter),0,
centre,(BrE),(NAmE,center),0,
ceremony,noun,,,0,
certainly,adverb,,,0,
certificate,noun,,,0,
chair,noun,,,0,
challenge,noun,verb,,0,
chance,noun,,,0,
channel,noun,,,0,
character,noun,,,0,
charge,noun,verb,,0,
charity,noun,,,0,
chase,verb,noun,,0,
cheap,adjective,,,0,
cheat,verb,noun,,0,
cheek,noun,,,0,
cheerfully,adverb,,,1,
chemical,adjective,noun,,0,
chemist's,noun,(BrE),,0,
cheque,noun,(BrE),(NAmE,0,
chew,verb,,,0,
chief,adjective,noun,,0,
chin,noun,,,0,
chocolate,noun,,,0,
choose,verb,,,0,
church,noun,,,0,
cinema,noun,(especially,BrE),0,
circumstance,noun,,,0,
city,noun,,,0,
claim,verb,noun,,0,
class,noun,,,0,
classroom,noun,,,0,
clear,adjective,verb,,0,
clerk,noun,,,0,
click,verb,noun,,0,
climate,noun,,,0,
climbing,noun,,,0,
close,/kl??s,NAmE,klo?s/,0,
close,/kl??z,NAmE,kl??z/,0,
closet,noun,(especially,NAmE),0,
clothes,noun,,,0,
cloud,noun,,,0,
cm,abbr.,centimetre,,0,
coal,noun,,,0,
coat,noun,,,0,
coffee,noun,,,0,
cold,adjective,noun,,0,
collapse,verb,noun,,0,
collect,verb,,,0,
college,noun,,,0,
coloured,(BrE),(NAmE,colored),0,
combination,noun,,,0,
come,verb,,,0,
comfort,noun,verb,,0,
comfortably,adverb,,,1,
command,verb,noun,,0,
commercial,adjective,,,0,
commit,verb,,,0,
committee,noun,,,0,
in,common,,,1,
communicate,verb,,,0,
community,noun,,,0,
compare,verb,,,0,
compete,verb,,,0,
competitive,adjective,,,0,
complaint,noun,,,0,
completely,adverb,,,0,
complicate,verb,,,0,
computer,noun,,,0,
concentration,noun,,,0,
concern,verb,noun,,0,
concerning,preposition,,,0,
conclude,verb,,,0,
concrete,adjective,noun,,0,
conduct,verb,noun,,0,
confidence,noun,,,1,
confidently,adverb,,,1,
confined,adjective,,,-1,
conflict,noun,verb,,-1,
confuse,verb,,,-1,
confused,adjective,,,0,
congratulations,noun,,,0,
connect,verb,,,1,
conscious,adjective,,,0,
consequence,noun,,,-1,
consider,verb,,,0,
considerably,adverb,,,0,
consist,of,verb,,0,
constantly,adverb,,,0,
construction,noun,,,0,
consumer,noun,,,0,
contain,verb,,,0,
contemporary,adjective,,,0,
contest,noun,,,0,
continent,noun,,,0,
continuous,adjective,,,0,
contract,noun,verb,,0,
contrasting,adjective,,,0,
contribution,noun,,,0,
in,control,(of),,1,
controlled,adjective,,,1,
convenient,adjective,,,0,
conventional,adjective,,,0,
convert,verb,,,0,
cook,verb,noun,,0,
cooker,noun,(BrE),,0,
cool,adjective,verb,,1,
copy,noun,verb,,0,
corner,noun,,,0,
correctly,adverb,,,1,
cottage,noun,,,0,
cough,verb,noun,,0,
could,can,,,0,
count,verb,,,0,
country,noun,,,0,
county,noun,,,0,
a,couple,,,0,
course,noun,,,0,
court,noun,,,0,
cover,verb,noun,,0,
covering,noun,,,0,
crack,noun,verb,,0,
craft,noun,,,0,
crazy,adjective,,,-1,
create,verb,,,0,
credit,noun,,,0,
crime,noun,,,0,
crisis,noun,,,0,
criterion,noun,,,0,
criticism,noun,,,0,
crop,noun,,,0,
crowd,noun,,,0,
crown,noun,,,0,
cruel,adjective,,,-1,
cry,verb,noun,,-1,
cultural,adjective,,,0,
cup,noun,,,0,
curb,verb,,,0,
curious,adjective,,,0,
curl,verb,noun,,0,
current,adjective,noun,,0,
curtain,noun,,,0,
curved,adjective,,,0,
customer,noun,,,0,
cut,verb,noun,,0,
cycling,noun,,,0,
daily,adjective,,,0,
damp,adjective,,,0,
dancing,noun,,,1,
danger,noun,,,0,
dare,verb,,,0,
data,noun,,,0,
daughter,noun,,,0,
dead,adjective,,,-1,
deal,verb,noun,,0,
dear,adjective,,,1,
debate,noun,verb,,0,
decade,noun,,,0,
December,noun,(abbr.,Dec.),0,
decision,noun,,,0,
decline,noun,verb,,0,
decoration,noun,,,0,
decrease,verb,noun,,0,
deeply,adverb,,,0,
defence,(BrE),(NAmE,defense),0,
define,verb,,,0,
definitely,adverb,,,0,
degree,noun,,,0,
deliberate,adjective,,,0,
delicate,adjective,,,0,
delighted,adjective,,,0,
delivery,noun,,,0,
demonstrate,verb,,,0,
deny,verb,,,0,
departure,noun,,,0,
deposit,noun,verb,,0,
depressing,adjective,,,-1,
depth,noun,,,0,
describe,verb,,,0,
desert,noun,verb,,0,
deserve,verb,,,1,
desire,noun,verb,,0,
desperate,adjective,,,-1,
despite,preposition,,,0,
destruction,noun,,,-1,
in,detail,,,0,
determination,noun,,,0,
determined,adjective,,,-1,
development,noun,,,0,
devote,verb,,,1,
diagram,noun,,,0,
diary,noun,,,0,
die,verb,,,-1,
diet,noun,,,0,
different,adjective,,,0,
difficult,adjective,,,-1,
dig,verb,,,0,
direct,adjective,verb,,0,
direction,noun,,,0,
dirt,noun,,,0,
disabled,adjective,,,-1,
disagree,verb,,,-1,
disappear,verb,,,0,
disappointing,adjective,,,-1,
disappointment,noun,,,-1,
disapprove,(of),verb,,-1,
disaster,noun,,,0,
discipline,noun,,,0,
discover,verb,,,0,
discuss,verb,,,0,
disease,noun,,,0,
disgusting,adjective,,,-1,
dish,noun,,,0,
dishonestly,adverb,,,-1,
dislike,verb,noun,,-1,
display,verb,noun,,0,
distance,noun,,,0,
distribute,verb,,,0,
district,noun,,,0,
disturbing,adjective,,,-1,
division,noun,,,0,
divorced,adjective,,,-1,
undo,verb,,,0,
document,noun,,,0,
dollar,noun,,,0,
dominate,verb,,,0,
dot,noun,,,0,
doubt,noun,verb,,0,
downstairs,adverb,adjective,noun,0,
downward,adjective,,,0,
Dr,(BrE),(also,Dr.,0,
drag,verb,,,0,
dramatic,adjective,,,0,
draw,verb,,,0,
drawer,noun,,,0,
dress,noun,verb,,0,
drink,noun,verb,,0,
driving,noun,,,0,
drop,verb,noun,,0,
drugstore,noun,(NAmE),,0,
drunk,adjective,,,0,
due,adjective,,,0,
dull,adjective,,,0,
during,preposition,,,0,
duty,noun,,,0,
each,det.,pronoun,,0,
ear,noun,,,0,
earn,verb,,,1,
ease,noun,verb,,0,
eastern,adjective,,,0,
easily,adverb,,,1,
economic,adjective,,,0,
edge,noun,,,0,
editor,noun,,,0,
educated,adjective,,,0,
effect,noun,,,0,
effectively,adverb,,,1,
efficiently,adverb,,,1,
e.g.,abbr.,,,0,
either,det.,pronoun,adverb,0,
elderly,adjective,,,0,
election,noun,,,0,
electrical,adjective,,,0,
electronic,adjective,,,0,
element,noun,,,0,
else,adverb,,,0,
email,(also,e-mail),noun,0,
embarrassing,adjective,,,-1,
embarrassment,noun,,,-1,
emergency,noun,,,-1,
emotional,adjective,,,0,
emphasis,noun,,,0,
empire,noun,,,0,
unemployed,adjective,,,-1,
employer,noun,,,0,
unemployment,noun,,,0,
enable,verb,,,0,
encourage,verb,,,1,
end,noun,verb,,0,
ending,noun,,,0,
energy,noun,,,0,
engaged,adjective,,,0,
engineer,noun,,,0,
enjoy,verb,,,1,
enjoyment,noun,,,0,
enough,det.,pronoun,adverb,0,
ensure,verb,,,0,
entertain,verb,,,1,
entertainer,noun,,,0,
enthusiasm,noun,,,0,
entire,adjective,,,0,
entitle,verb,,,0,
entry,noun,,,0,
environment,noun,,,0,
equal,adjective,noun,verb,0,
equipment,noun,,,0,
error,noun,,,0,
especially,adverb,,,0,
essential,adjective,noun,,0,
establish,verb,,,0,
estimate,noun,verb,,0,
euro,noun,,,0,
evening,noun,,,0,
eventually,adverb,,,0,
every,det.,,,0,
everything,pronoun,,,0,
evidence,noun,,,0,
ex-,prefix,,,0,
exactly,adverb,,,0,
exaggerated,adjective,,,-1,
examination,noun,,,0,
example,noun,,,0,
except,preposition,conj.,,0,
exchange,verb,noun,,0,
excite,verb,,,1,
excited,adjective,,,1,
exclude,verb,,,-1,
excuse,noun,verb,,0,
exercise,noun,verb,,0,
exhibition,noun,,,0,
existence,noun,,,0,
expand,verb,,,0,
expected,adjective,,,0,
unexpectedly,adverb,,,-1,
expense,noun,,,0,
experience,noun,verb,,0,
experiment,noun,verb,,0,
explain,verb,,,0,
explode,verb,,,0,
explosion,noun,,,0,
expose,verb,,,0,
expression,noun,,,0,
extension,noun,,,0,
extent,noun,,,0,
extraordinary,adjective,,,0,
extremely,adverb,,,0,
face,noun,verb,,0,
fact,noun,,,0,
factory,noun,,,0,
failure,noun,,,0,
faintly,adverb,,,0,
fairly,adverb,,,1,
unfairly,adverb,,,-1,
faithful,adjective,,,1,
Yours,faithfully,(BrE),,0,
fall,over,,,0,
fame,noun,,,0,
family,noun,adjective,,0,
fan,noun,,,0,
far,adverb,adjective,,0,
farm,noun,,,0,
farmer,noun,,,0,
fashion,noun,,,0,
fast,adjective,adverb,,0,
fat,adjective,noun,,0,
faucet,noun,(NAmE),,0,
favour,(BrE),(NAmE,favor),0,
favourite,(BrE),(NAmE,favorite),1,
feather,noun,,,0,
February,noun,(abbr.,Feb.),0,
fee,noun,,,0,
feel,verb,,,0,
fellow,noun,adjective,,0,
fence,noun,,,0,
fetch,verb,,,0,
few,det.,adjective,pronoun,0,
field,noun,,,0,
fighting,noun,,,0,
file,noun,,,0,
film,noun,verb,,0,
finally,adverb,,,0,
financial,adjective,,,0,
find,out,sth,,0,
finely,adverb,,,0,
finish,verb,noun,,0,
fire,noun,verb,,0,
firm,noun,adjective,adverb,0,
first,det.,ordinal,number,0,
fish,noun,verb,,0,
fit,verb,adjective,,0,
fixed,adjective,,,0,
flame,noun,,,0,
flat,adjective,noun,,0,
flesh,noun,,,0,
float,verb,,,0,
floor,noun,,,0,
flow,noun,verb,,0,
flu,noun,,,0,
flying,adjective,noun,,0,
fold,verb,noun,,0,
follow,verb,,,0,
food,noun,,,0,
football,noun,,,0,
force,noun,verb,,0,
foreign,adjective,,,0,
forever,(BrE,also,for,0,
forgive,verb,,,1,
form,noun,verb,,0,
formally,adverb,,,0,
formerly,adverb,,,0,
fortune,noun,,,0,
forward,adjective,,,0,
foundation,noun,,,0,
free,adjective,verb,adverb,1,
freedom,noun,,,0,
frozen,adjective,,,0,
frequently,adverb,,,0,
freshly,adverb,,,0,
fridge,noun,(BrE),,0,
make,friends,(with),,0,
unfriendly,adjective,,,-1,
frighten,verb,,,-1,
frightened,adjective,,,-1,
front,noun,adjective,,0,
frozen,freeze,,,0,
fry,verb,noun,,0,
full,adjective,,,0,
fun,noun,adjective,,1,
function,noun,verb,,0,
fundamental,adjective,,,0,
funny,adjective,,,1,
furniture,noun,,,0,
future,noun,adjective,,0,
gain,verb,noun,,1,
gamble,verb,noun,,0,
game,noun,,,0,
garage,noun,,,0,
garden,noun,,,0,
gasoline,noun,(NAmE),,0,
gather,verb,,,0,
general,adjective,,,0,
in,general,,,0,
generation,noun,,,0,
generously,adverb,,,1,
gently,adverb,,,1,
genuine,adjective,,,1,
geography,noun,,,0,
get,on,,,0,
giant,noun,adjective,,0,
girl,noun,,,0,
give,verb,,,0,
give,sth,out,,0,
glad,adjective,,,1,
glasses,noun,,,0,
glove,noun,,,0,
gm,abbr.,gram,,0,
go,down,,,-1,
be,going,to,,0,
god,noun,,,0,
good,adjective,noun,,1,
good,for,,,1,
goods,noun,,,0,
government,noun,,,0,
grab,verb,,,0,
gradual,adjective,,,0,
grain,noun,,,0,
grammar,noun,,,0,
grandchild,noun,,,0,
grandfather,noun,,,0,
grandparent,noun,,,0,
grant,verb,noun,,1,
grateful,adjective,,,1,
gray,(NAmE),grey,,0,
greatly,adverb,,,0,
grey,(BrE),(NAmE,usually,0,
groceries,noun,,,0,
group,noun,,,0,
grow,up,,,0,
guarantee,noun,verb,,0,
guess,verb,noun,,0,
guide,noun,verb,,0,
gun,noun,,,0,
habit,noun,,,0,
hairdresser,noun,,,0,
hall,noun,,,0,
hand,noun,verb,,0,
hang,verb,,,0,
happiness,noun,,,0,
happy,adjective,,,1,
unhappy,adjective,,,-1,
hardly,adverb,,,0,
harmful,adjective,,,-1,
hat,noun,,,0,
hatred,noun,,,0,
have,to,modal,verb,0,
head,noun,verb,,0,
heal,verb,,,1,
healthy,adjective,,,1,
hearing,noun,,,0,
heat,noun,verb,,0,
heaven,noun,,,0,
heavily,adverb,,,0,
height,noun,,,0,
hello,exclamation,noun,,0,
helpful,adjective,,,1,
her,pronoun,det.,,0,
here,adverb,,,0,
herself,pronoun,,,0,
hi,exclamation,,,0,
high,adjective,adverb,,0,
highlight,verb,noun,,1,
hill,noun,,,0,
himself,pronoun,,,0,
hire,verb,noun,,0,
historical,adjective,,,0,
hit,verb,noun,,0,
hold,verb,noun,,0,
holiday,noun,,,0,
holy,adjective,,,0,
homework,noun,,,0,
honestly,adverb,,,1,
in,honour/honor,of,,0,
hope,verb,noun,,1,
horn,noun,,,0,
horse,noun,,,0,
host,noun,verb,,0,
hotel,noun,,,0,
house,noun,,,0,
household,noun,adjective,,0,
however,adverb,,,0,
human,adjective,noun,,0,
humour,(BrE),(NAmE,humor),1,
hunt,verb,,,0,
hurry,verb,noun,,0,
hurt,verb,,,0,
I,pronoun,,,0,
ice,cream,noun,,0,
ideal,adjective,noun,,1,
identify,verb,,,0,
i.e.,abbr.,,,0,
ignore,verb,,,-1,
illegal,adjective,,,-1,
illness,noun,,,-1,
image,noun,,,0,
imagination,noun,,,0,
immediate,adjective,,,0,
immoral,adjective,,,-1,
impatient,adjective,,,-1,
implication,noun,,,-1,
import,noun,verb,,0,
important,adjective,,,1,
unimportant,adjective,,,-1,
impossible,adjective,,,-1,
impressed,adjective,,,1,
impressive,adjective,,,1,
improvement,noun,,,1,
inability,noun,,,-1,
incident,noun,,,-1,
including,preposition,,,0,
increase,verb,noun,,0,
indeed,adverb,,,0,
independent,adjective,,,0,
index,noun,,,0,
indication,noun,,,0,
indirectly,adverb,,,0,
indoors,adverb,,,0,
industrial,adjective,,,0,
inevitable,adjective,,,0,
infect,verb,,,-1,
infection,noun,,,-1,
influence,noun,verb,,0,
informal,adjective,,,0,
ingredient,noun,,,0,
initially,adverb,,,-1,
injure,verb,,,-1,
injury,noun,,,0,
inner,adjective,,,0,
inquiry,enquiry,,,0,
insert,verb,,,0,
insist,(on),verb,,0,
instance,noun,,,0,
instead,adverb,,,0,
institute,noun,,,0,
instruction,noun,,,0,
insult,verb,noun,,-1,
insurance,noun,,,0,
intelligent,adjective,,,1,
intended,adjective,,,0,
interest,noun,verb,,0,
interested,adjective,,,0,
internal,adjective,,,0,
Internet,noun,,,0,
interpretation,noun,,,0,
interruption,noun,,,0,
interview,noun,verb,,0,
introduce,verb,,,0,
invent,verb,,,1,
invest,verb,,,1,
investigation,noun,,,0,
invitation,noun,,,0,
involve,verb,,,0,
involvement,noun,,,0,
irritate,verb,,,-1,
irritated,adjective,,,-1,
island,noun,,,0,
it,pronoun,det.,,0,
item,noun,,,0,
jacket,noun,,,0,
January,noun,(abbr.,Janoun),0,
jeans,noun,,,0,
jewellery,(BrE),(NAmE,jewelry),0,
join,verb,,,0,
jointly,adverb,,,0,
journalist,noun,,,0,
joy,noun,,,1,
judgement,(also,judgment,especially,0,
July,noun,(abbr.,Jul.),0,
June,noun,(abbr.,Junoun),0,
just,adverb,,,0,
justify,verb,,,0,
k,abbr.,kilometre,,0,
keen,on,,,0,
key,noun,adjective,,0,
kick,verb,noun,,0,
kill,verb,,,0,
kilogram,(BrE,also,kilogramme),0,
kind,noun,adjective,,1,
unkind,adjective,,,-1,
king,noun,,,0,
kitchen,noun,,,0,
knee,noun,,,0,
knit,verb,,,0,
knitting,noun,,,0,
knot,noun,,,0,
unknown,adjective,,,-1,
knowledge,noun,,,0,
label,noun,verb,,0,
labour,(BrE),(NAmE,labor),0,
lacking,adjective,,,0,
lake,noun,,,0,
land,noun,verb,,0,
lane,noun,,,0,
large,adjective,,,0,
last,det.,adverb,noun,0,
later,adverb,adjective,,0,
latter,adjective,noun,,0,
launch,verb,noun,,0,
lawyer,noun,,,0,
layer,noun,,,0,
lead,/li:d/,verb,noun,0,
leader,noun,,,0,
league,noun,,,0,
learn,verb,,,1,
at,least,,,0,
leave,verb,,,0,
lecture,noun,,,0,
leg,noun,,,0,
legally,adverb,,,0,
lend,verb,,,0,
less,det.,pronoun,adverb,0,
let,verb,,,0,
level,noun,adjective,,0,
licence,(BrE),(NAmE,license),0,
lid,noun,,,0,
life,noun,,,0,
light,noun,adjective,verb,0,
like,preposition,verb,conj.,0,
likely,adjective,adverb,,0,
limit,noun,verb,,0,
line,noun,,,0,
lip,noun,,,0,
list,noun,verb,,0,
literature,noun,,,0,
little,adjective,det.,pronoun,0,
live,/la?v/,adjective,adverb,0,
living,adjective,,,1,
load,noun,verb,,0,
loan,noun,,,0,
locally,adverb,,,0,
located,adjective,,,0,
lock,verb,noun,,0,
logical,adjective,,,0,
long,adjective,adverb,,0,
look,after,(especially,BrE),0,
look,for,,,0,
loose,adjective,,,0,
lord,noun,,,0,
lose,verb,,,0,
loss,noun,,,0,
loud,adjective,adverb,,0,
love,noun,verb,,1,
lover,noun,,,0,
loyal,adjective,,,0,
lucky,adjective,,,0,
luggage,noun,(especially,BrE),0,
lunch,noun,,,0,
machine,noun,,,0,
mad,adjective,,,-1,
magic,noun,adjective,,0,
main,adjective,,,0,
maintain,verb,,,0,
majority,noun,,,0,
make,sth,up,,0,
male,adjective,noun,,0,
man,noun,,,0,
management,noun,,,0,
manner,noun,,,0,
manufacturing,noun,,,0,
many,det.,pronoun,,0,
March,noun,(abbr.,Mar.),0,
mark,noun,verb,,0,
marketing,noun,,,0,
marry,verb,,,0,
mass,noun,adjective,,0,
master,noun,,,0,
matching,adjective,,,0,
material,noun,adjective,,0,
matter,noun,verb,,0,
may,modal,verb,,0,
maybe,adverb,,,0,
me,pronoun,,,0,
mean,verb,,,0,
means,noun,,,0,
meanwhile,adverb,,,0,
measurement,noun,,,0,
media,noun,,,0,
medicine,noun,,,0,
meet,verb,,,0,
melt,verb,,,0,
membership,noun,,,0,
in,memory,of,,0,
mentally,adverb,,,0,
menu,noun,,,0,
merely,adverb,,,0,
message,noun,,,0,
method,noun,,,0,
mg,abbr.,milligram,,0,
midday,noun,,,0,
midnight,noun,,,0,
mild,adjective,,,0,
military,adjective,,,0,
milligram,(BrE,also,milligramme),0,
mind,noun,verb,,0,
mineral,noun,adjective,,0,
minister,noun,,,0,
minor,adjective,,,0,
minute,noun,,,0,
miss,verb,noun,,0,
missing,adjective,,,0,
mistaken,adjective,,,0,
mixed,adjective,,,0,
mm,abbr.,millimetre,,0,
mobile,phone,(also,mobile),0,
modern,adjective,,,0,
moment,noun,,,0,
money,noun,,,0,
month,noun,,,0,
moon,noun,,,0,
morally,adverb,,,1,
moreover,adverb,,,0,
most,det.,pronoun,adverb,0,
mother,noun,,,0,
motor,noun,,,0,
mount,verb,noun,,0,
mouse,noun,,,0,
move,verb,noun,,0,
movement,noun,,,0,
movie,theater,noun,(NAmE),0,
Mrs,(BrE),(also,Mrs.,0,
much,det.,pronoun,adverb,0,
multiply,verb,,,0,
murder,noun,verb,,0,
museum,noun,,,0,
musical,adjective,,,0,
must,modal,verb,,0,
myself,pronoun,,,0,
mystery,noun,,,0,
naked,adjective,,,0,
narrow,adjective,,,0,
national,adjective,,,0,
naturally,adverb,,,0,
navy,noun,,,0,
nearby,adjective,adverb,,0,
neat,adjective,,,0,
necessary,adjective,,,0,
unnecessary,adjective,,,0,
need,verb,modal,verb,0,
negative,adjective,,,-1,
neighbourhood,(BrE),(NAmE,neighborhood),0,
nephew,noun,,,0,
nervous,adjective,,,-1,
nest,noun,verb,,0,
network,noun,,,0,
nevertheless,adverb,,,0,
newly,adverb,,,0,
newspaper,noun,,,0,
next,to,preposition,,0,
nicely,adverb,,,0,
night,noun,,,0,
No.,(also,no.),abbr.,0,
noise,noun,,,0,
noisily,adverb,,,0,
none,pronoun,,,0,
no,one,nobody,,0,
normal,adjective,noun,,0,
north,noun,adjective,adverb,0,
nose,noun,,,0,
note,noun,verb,,0,
notice,noun,verb,,0,
noticeable,adjective,,,0,
November,noun,(abbr.,Noverb),0,
nowhere,adverb,,,0,
number,(abbr.,No.,no.),0,
nut,noun,,,0,
object,noun,verb,,0,
observation,noun,,,0,
obtain,verb,,,0,
obviously,adverb,,,0,
occasionally,adverb,,,0,
occupied,adjective,,,0,
ocean,noun,,,0,
October,noun,(abbr.,Oct.),0,
oddly,adverb,,,-1,
off,adverb,preposition,,0,
offend,verb,,,-1,
offer,verb,noun,,0,
officer,noun,,,0,
officially,adverb,,,0,
oh,exclamation,,,0,
OK,(also,okay),exclamation,0,
old-fashioned,adjective,,,0,
once,adverb,conj.,,0,
one,another,each,other,0,
only,adjective,adverb,,0,
open,adjective,verb,,0,
opening,noun,,,0,
operation,noun,,,0,
opponent,noun,,,-1,
oppose,verb,,,-1,
opposed,to,,,-1,
opposition,noun,,,-1,
or,conj.,,,0,
order,noun,verb,,1,
ordinary,adjective,,,0,
organization,(BrE,also,-isation),0,
organized,adjective,,,0,
original,adjective,noun,,0,
other,adjective,pronoun,,0,
ought,to,modal,verb,0,
ours,pronoun,,,0,
out,(of),adverb,preposition,0,
outdoor,adjective,,,0,
outline,verb,noun,,0,
outside,noun,adjective,preposition,0,
oven,noun,,,0,
overall,adjective,adverb,,0,
owe,verb,,,0,
owner,noun,,,0,
pace,noun,,,0,
package,noun,verb,,0,
packet,noun,,,0,
pain,noun,,,0,
paint,noun,verb,,0,
painter,noun,,,0,
palace,noun,,,0,
pan,noun,,,0,
pants,noun,,,0,
parallel,adjective,,,0,
park,noun,verb,,0,
part,noun,,,0,
particular,adjective,,,0,
partly,adverb,,,0,
partnership,noun,,,0,
pass,verb,,,0,
passage,noun,,,0,
passport,noun,,,0,
path,noun,,,0,
patient,noun,adjective,,0,
pause,verb,noun,,0,
payment,noun,,,0,
peaceful,adjective,,,1,
pen,noun,,,0,
penny,noun,(abbr.,p),0,
people,noun,,,0,
per,preposition,,,0,
perfect,adjective,,,1,
perform,verb,,,0,
performer,noun,,,0,
period,noun,,,0,
permanently,adverb,,,0,
permit,verb,,,0,
personal,adjective,,,0,
personality,noun,,,0,
pet,noun,,,0,
phase,noun,,,0,
phone,telephone,,,0,
photograph,noun,verb,(also,0,
photography,noun,,,0,
physical,adjective,,,0,
physics,noun,,,0,
pick,verb,,,0,
picture,noun,,,0,
pig,noun,,,0,
pill,noun,,,0,
pin,noun,verb,,0,
pint,noun,(abbr.,pt),0,
pitch,noun,,,0,
place,noun,verb,,0,
plain,adjective,,,0,
planning,noun,,,0,
planet,noun,,,0,
plastic,noun,adjective,,0,
platform,noun,,,0,
player,noun,,,0,
pleasantly,adverb,,,1,
please,exclamation,verb,,1,
pleased,adjective,,,0,
plenty,pronoun,adverb,noun,0,
plug,noun,,,0,
p.m.,(NAmE,also,P.M.),0,
poem,noun,,,0,
point,noun,verb,,0,
poison,noun,verb,,0,
pole,noun,,,0,
policy,noun,,,0,
polite,adjective,,,1,
political,adjective,,,0,
politician,noun,,,0,
pollution,noun,,,0,
poor,adjective,,,-1,
popular,adjective,,,1,
port,noun,,,0,
position,noun,,,0,
possess,verb,,,0,
possibility,noun,,,0,
possibly,adverb,,,0,
post,office,noun,,0,
potato,noun,,,0,
potentially,adverb,,,0,
pour,verb,,,0,
power,noun,,,0,
practical,adjective,,,0,
practice,noun,(BrE,NAmE),0,
praise,noun,verb,,0,
precise,adjective,,,0,
predict,verb,,,0,
preference,noun,,,0,
premises,noun,,,0,
prepare,verb,,,0,
presence,noun,,,0,
presentation,noun,,,0,
president,noun,,,0,
pressure,noun,,,0,
pretend,verb,,,0,
prevent,verb,,,0,
previously,adverb,,,0,
pride,noun,,,0,
primary,adjective,,,0,
prime,minister,noun,,0,
princess,noun,,,0,
print,verb,noun,,0,
printer,noun,,,0,
priority,noun,,,0,
prisoner,noun,,,0,
privately,adverb,,,0,
probable,adjective,,,0,
problem,noun,,,0,
proceed,verb,,,0,
produce,verb,,,0,
product,noun,,,0,
profession,noun,,,0,
professor,noun,,,0,
program,noun,verb,,0,
progress,noun,verb,,0,
promise,verb,noun,,0,
promotion,noun,,,0,
promptly,adverb,,,0,
pronunciation,noun,,,0,
proper,adjective,,,0,
property,noun,,,0,
proposal,noun,,,0,
prospect,noun,,,0,
protection,noun,,,0,
proud,adjective,,,1,
prove,verb,,,0,
provided,(also,providing),conj.,0,
pub,noun,,,0,
in,public,,,0,
publication,noun,,,0,
publish,verb,,,0,
pull,verb,noun,,0,
punish,verb,,,0,
pupil,noun,(especially,BrE),0,
pure,adjective,,,0,
purple,adjective,noun,,0,
on,purpose,,,0,
push,verb,noun,,0,
put,sth,on,,0,
qualification,noun,,,0,
qualified,adjective,,,0,
quantity,noun,,,0,
queen,noun,,,0,
quick,adjective,,,0,
quiet,adjective,,,0,
quit,verb,,,-1,
quote,verb,,,0,
racing,noun,,,0,
rail,noun,,,0,
rain,noun,verb,,0,
range,noun,,,0,
rapid,adjective,,,0,
rare,adjective,,,0,
rate,noun,verb,,0,
rather,than,,,0,
re-,prefix,,,0,
react,verb,,,0,
read,verb,,,0,
reader,noun,,,0,
real,adjective,,,0,
realistic,adjective,,,0,
realize,(BrE,also,-ise),0,
rear,noun,adjective,,0,
reasonable,adjective,,,0,
unreasonable,adjective,,,-1,
receipt,noun,,,0,
recent,adjective,,,0,
reception,noun,,,0,
recognition,noun,,,0,
recommend,verb,,,0,
recording,noun,,,0,
red,adjective,noun,,0,
reduction,noun,,,0,
reference,noun,,,0,
reform,verb,noun,,0,
refusal,noun,,,0,
regard,verb,noun,,0,
region,noun,,,0,
register,verb,noun,,0,
regular,adjective,,,0,
regulation,noun,,,0,
relate,verb,,,0,
relation,noun,,,0,
relative,adjective,noun,,0,
relax,verb,,,0,
relaxing,adjective,,,0,
relevant,adjective,,,0,
religion,noun,,,0,
rely,on,verb,,0,
remaining,adjective,,,0,
remark,noun,verb,,0,
remarkably,adverb,,,0,
remind,verb,,,0,
removal,noun,,,0,
rent,noun,verb,,0,
repair,verb,noun,,0,
repeated,adjective,,,0,
replace,verb,,,0,
report,verb,noun,,0,
representative,noun,adjective,,0,
reputation,noun,,,0,
require,verb,,,0,
rescue,verb,noun,,0,
reservation,noun,,,0,
resident,noun,adjective,,0,
resistance,noun,,,0,
resort,noun,,,0,
respect,noun,verb,,0,
response,noun,,,0,
responsible,adjective,,,0,
the,rest,,,0,
restore,verb,,,0,
restricted,adjective,,,0,
result,noun,verb,,0,
retire,verb,,,0,
retirement,noun,,,0,
reveal,verb,,,0,
review,noun,verb,,0,
revision,noun,,,0,
reward,noun,verb,,0,
rice,noun,,,0,
rid,verb:,get,rid,0,
riding,noun,,,0,
ridiculous,adjective,,,0,
rightly,adverb,,,0,
rise,noun,verb,,0,
rival,noun,adjective,,0,
road,noun,,,0,
rock,noun,,,0,
roll,noun,verb,,0,
roof,noun,,,0,
root,noun,,,0,
rough,adjective,,,0,
round,adjective,adverb,preposition,0,
route,noun,,,0,
row,/r??,NAmE,ro?/,0,
rub,verb,,,0,
rubbish,noun,(especially,BrE),0,
rudely,adverb,,,-1,
ruined,adjective,,,-1,
ruler,noun,,,0,
run,verb,noun,,0,
runner,noun,,,0,
rush,verb,noun,,0,
sad,adjective,,,-1,
sadness,noun,,,0,
safely,adverb,,,0,
sail,verb,noun,,0,
sailor,noun,,,0,
salary,noun,,,0,
salt,noun,,,0,
same,adjective,pronoun,,0,
sand,noun,,,0,
satisfy,verb,,,0,
satisfying,adjective,,,0,
sauce,noun,,,0,
saving,noun,,,0,
scale,noun,,,0,
scared,adjective,,,1,
schedule,noun,verb,,0,
school,noun,,,0,
scientific,adjective,,,0,
scissors,noun,,,0,
scratch,verb,noun,,0,
screen,noun,,,0,
sea,noun,,,0,
search,noun,verb,,0,
seat,noun,,,0,
secondary,adjective,,,0,
secretly,adverb,,,0,
section,noun,,,0,
secure,adjective,verb,,0,
see,verb,,,0,
seek,verb,,,0,
select,verb,,,0,
self,noun,,,0,
sell,verb,,,0,
senator,noun,,,0,
senior,adjective,noun,,0,
sensible,adjective,,,1,
sentence,noun,,,0,
separated,adjective,,,0,
separation,noun,,,0,
series,noun,,,0,
seriously,adverb,,,0,
serve,verb,,,0,
session,noun,,,0,
settle,verb,,,0,
severe,adjective,,,0,
sew,verb,,,0,
sex,noun,,,0,
sexually,adverb,,,0,
shadow,noun,,,0,
shall,modal,verb,,0,
shame,noun,,,-1,
shaped,adjective,,,0,
sharp,adjective,,,0,
shave,verb,,,0,
sheep,noun,,,0,
shelf,noun,,,0,
shelter,noun,verb,,0,
shine,verb,,,0,
ship,noun,,,0,
shock,noun,verb,,0,
shocked,adjective,,,0,
shoot,verb,,,0,
shop,noun,verb,,0,
short,adjective,,,0,
shot,noun,,,0,
shoulder,noun,,,0,
show,verb,noun,,0,
shut,verb,adjective,,0,
sick,adjective,,,0,
feel,sick,(especially,BrE),0,
sideways,adjective,adverb,,0,
sign,noun,verb,,0,
signature,noun,,,0,
significantly,adverb,,,0,
silent,adjective,,,0,
silly,adjective,,,0,
similar,adjective,,,0,
simple,adjective,,,0,
since,preposition,conj.,adverb,0,
sincerely,adverb,,,0,
sing,verb,,,0,
singer,noun,,,0,
sink,verb,,,0,
sister,noun,,,0,
sit,down,,,0,
situation,noun,,,0,
#NAME?,,,,,
skilfully,(BrE),(NAmE,skillfully),1,
skilled,adjective,,,1,
skirt,noun,,,0,
sleep,verb,noun,,0,
slice,noun,verb,,0,
slight,adjective,,,0,
slip,verb,,,0,
slow,adjective,,,0,
small,adjective,,,0,
smash,verb,noun,,0,
smile,verb,noun,,0,
smoking,noun,,,0,
smoothly,adverb,,,0,
snow,noun,verb,,0,
so,that,,,0,
social,adjective,,,0,
society,noun,,,0,
soft,adjective,,,0,
software,noun,,,0,
soldier,noun,,,0,
solution,noun,,,0,
some,det.,pronoun,,0,
somehow,adverb,,,0,
sometimes,adverb,,,0,
somewhere,adverb,,,0,
song,noun,,,0,
as,soon,as,,0,
sorry,adjective,,,0,
soul,noun,,,0,
soup,noun,,,0,
source,noun,,,0,
southern,adjective,,,0,
spare,adjective,noun,,0,
spoken,adjective,,,0,
special,adjective,,,0,
specialist,noun,,,0,
specifically,adverb,,,0,
speed,noun,,,0,
spelling,noun,,,0,
spice,noun,,,0,
spider,noun,,,0,
spirit,noun,,,0,
spite,noun:,in,spite,0,
spoil,verb,,,0,
spoon,noun,,,0,
spot,noun,,,0,
spread,verb,,,0,
square,adjective,noun,,0,
stable,adjective,noun,,0,
stage,noun,,,0,
stamp,noun,verb,,0,
stand,up,,,0,
star,noun,verb,,0,
start,verb,noun,,0,
statement,noun,,,0,
statue,noun,,,0,
stay,verb,noun,,0,
steadily,adverb,,,0,
steal,verb,,,0,
steel,noun,,,0,
steeply,adverb,,,0,
step,noun,verb,,0,
stick,out,,,0,
stiff,adjective,,,0,
still,adverb,adjective,,0,
stir,verb,,,0,
stomach,noun,,,0,
stop,verb,noun,,0,
storm,noun,,,0,
stove,noun,,,0,
strain,noun,,,0,
strangely,adverb,,,0,
strategy,noun,,,0,
street,noun,,,0,
stress,noun,verb,,0,
stretch,verb,,,0,
strictly,adverb,,,0,
striking,adjective,,,0,
strip,verb,noun,,0,
striped,adjective,,,0,
strong,adjective,,,0,
structure,noun,,,0,
student,noun,,,0,
study,noun,verb,,0,
stupid,adjective,,,0,
subject,noun,,,0,
substantial,adjective,,,0,
substitute,noun,verb,,0,
success,noun,,,0,
successfully,adverb,,,1,
such,det.,pronoun,,0,
suck,verb,,,0,
suddenly,adverb,,,0,
suffering,noun,,,-1,
sufficiently,adverb,,,0,
suggest,verb,,,0,
suit,noun,verb,,0,
suitable,adjective,,,0,
sum,noun,,,0,
summer,noun,,,0,
Sunday,noun,(abbr.,Sunoun),0,
supermarket,noun,,,0,
support,noun,verb,,0,
suppose,verb,,,0,
make,sure,,,0,
surface,noun,,,0,
surprise,noun,verb,,0,
surprisingly,adverb,,,0,
surround,verb,,,0,
surroundings,noun,,,0,
survive,verb,,,0,
suspicion,noun,,,0,
swallow,verb,,,0,
swearing,noun,,,0,
sweater,noun,,,0,
sweet,adjective,noun,,0,
swelling,noun,,,0,
swim,verb,,,0,
swimming,pool,noun,,0,
switch,noun,verb,,0,
switch,sth,on,,0,
symbol,noun,,,0,
sympathy,noun,,,0,
table,noun,,,0,
tackle,verb,noun,,0,
take,verb,,,0,
take,(sth),over,,0,
tall,adjective,,,0,
tap,verb,noun.,,0,
target,noun,,,0,
taste,noun,verb,,0,
taxi,noun,,,0,
teach,verb,,,0,
teacher,noun,,,0,
tear,/te?(r),NAmE,ter/,0,
technical,adjective,,,0,
technology,noun,,,0,
television,(also,TV),noun,0,
temperature,noun,,,0,
temporarily,adverb,,,0,
tendency,noun,,,0,
tent,noun,,,0,
terrible,adjective,,,-1,
test,noun,verb,,0,
than,preposition,conj.,,0,
thanks,exclamation,noun,,1,
that,det.,pronoun,conj.,0,
theatre,(BrE),(NAmE,theater),0,
theirs,pronoun,,,0,
theme,noun,,,0,
then,adverb,,,0,
there,adverb,,,0,
they,pronoun,,,0,
thickly,adverb,,,0,
thief,noun,,,-1,
thing,noun,,,0,
thinking,noun,,,0,
this,det.,pronoun,,0,
thoroughly,adverb,,,0,
thought,noun,,,0,
threat,noun,,,0,
threatening,adjective,,,-1,
through,preposition,adverb,,0,
throw,verb,,,0,
thumb,noun,,,0,
thus,adverb,,,0,
tidy,adjective,verb,,0,
tie,verb,noun,,0,
tight,adjective,adverb,,0,
till,until,,,0,
timetable,noun,(especially,BrE),0,
tiny,adjective,,,0,
tire,verb,(BrE,NAmE),0,
tired,adjective,,,0,
to,preposition,infinitive,marker,0,
toe,noun,,,0,
toilet,noun,,,0,
tomorrow,adverb,noun,,0,
tone,noun,,,0,
tonight,adverb,noun,,0,
too,adverb,,,0,
tooth,noun,,,0,
topic,noun,,,0,
totally,adverb,,,0,
tough,adjective,,,0,
tourist,noun,,,0,
towel,noun,,,0,
town,noun,,,0,
trace,verb,noun,,0,
trade,noun,verb,,0,
tradition,noun,,,0,
traditionally,adverb,,,0,
train,noun,verb,,0,
transfer,verb,noun,,0,
translate,verb,,,0,
transparent,adjective,,,0,
transport,verb,(BrE,NAmE),0,
travel,verb,noun,,0,
treat,verb,,,0,
tree,noun,,,0,
trial,noun,,,0,
trick,noun,verb,,-1,
tropical,adjective,,,0,
trousers,noun,(especially,BrE),0,
TRUE,adjective,,,0,
Yours,Truly,(NAmE),,0,
truth,noun,,,0,
tube,noun,,,0,
tune,noun,verb,,0,
turn,verb,noun,,0,
twice,adverb,,,0,
twist,verb,noun,,0,
type,noun,verb,,0,
typically,adverb,,,0,
ugly,adjective,,,-1,
ultimately,adverb,,,0,
unable,able,,,0,
uncertain,certain,,,0,
uncomfortable,comfortable,,,-1,
uncontrolled,control,,,0,
underground,adjective,adverb,,0,
understand,verb,,,0,
underwater,adjective,adverb,,0,
undo,do,,,0,
unemployment,employment,,,-1,
unfair,unfairly,fair,,-1,
unfortunately,adverb,,,-1,
unhappiness,happiness,,,-1,
uniform,noun,adjective,,0,
union,noun,,,1,
unit,noun,,,0,
united,adjective,,,0,
university,noun,,,0,
unknown,know,,,0,
unlike,like,,,-1,
unload,load,,,0,
unnecessary,necessary,,,0,
unreasonable,reasonable,,,0,
unsuccessful,successful,,,-1,
until,(also,till),conj.,0,
unwilling,unwillingly,willing,,0,
upon,preposition,,,0,
upset,verb,adjective,,0,
upside,down,adverb,,0,
upwards,(also,upward,especially,0,
urban,adjective,,,0,
urgent,adjective,,,0,
use,verb,noun,,0,
used,to,sth/to,doing,0,
useful,adjective,,,0,
user,noun,,,0,
